S.NO,ST,AT,AR,AU,ATT,P_R,N_D,N_V,POR,POU,POT_2011,RUR_Per_2011,E_POR,E_POU,E_POT_2019,E_RUR_Per_2019,DPGR,PD11,DPGR_R,DPGR_U,DPGR_T,PD19_R,PD19_U,PD19_T,CBR_T,CBR_R,CBR_U,CDR_T,CDR_R,CDR_U,IMR_T,IMR_R,IMR_U,F_SC_R,F_SC_U,F_PHC_R,F_PHC_U,F_HWC_SC_R,F_HWC_SC_U,F_HWC_PHC_R,F_HWC_PHC_U,F_CHC_R,F_CHC_U,F_SDH,F_DH,F_MMU,F_MC,E_POTR,R_SC_HWCSC,P_SC_HWCSC,SH_SC_HWCSC,SH_SC_HWCSC_P,R_PHC_HWCPHC,P_PHC_HWCPHC,SH_PHC_HWCPHC,SH_PHC_HWCPHC_P,R_CHC,P_CHC,S_PHC,S_PHC_P,SC_HWCSC_GB,SC_HWCSC_RB,SC_HWCSC_RFP,SC_HWCSC_BUC,SC_HWCSC_BRC,PHC_HWCPHC_R_GB,PHC_HWCPHC_R_RB,PHC_HWCPHC_R_RFP,PHC_HWCPHC_R_BUC,PHC_HWCPHC_R_BRC,CHC_R_GB,CHC_R_RB,CHC_R_RFP,CHC_R_BUC,CHC_R_BRC,SDH_GB,SDH_RB,SDH_RFP,SDH_BUC,DH_GB,DH_RB,DH_RFP,DH_BUC,HWF_ANM_SC_R_R,HWF_ANM_SC_R_S,HWF_ANM_SC_R_P,HWF_ANM_SC_R_V,HWF_ANM_SC_R_SH,HWM_SC_R_R,HWM_SC_R_S,HWM_SC_R_P,HWM_SC_R_V,HWM_SC_R_SH,HWF_ANM_PHC_R_R,HWF_ANM_PHC_R_S,HWF_ANM_PHC_R_P,HWF_ANM_PHC_R_V,HWF_ANM_PHC_R_SH,HAF_LHV_PHC_R_R,HAF_LHV_PHC_R_S,HAF_LHV_PHC_R_P,HAF_LHV_PHC_R_V,HAF_LHV_PHC_R_SH,HAM_PHC_R_R,HAM_PHC_R_S,HAM_PHC_R_P,HAM_PHC_R_V,HAM_PHC_R_SH,DOC_PHC_R_R,DOC_PHC_R_S,DOC_PHC_R_P,DOC_PHC_R_V,DOC_PHC_R_SH,AY_DOC_PHC_R_S,AY_DOC_PHC_R_P,AY_DOC_PHC_R_V,AY_DOC_CHC_R_R,AY_DOC_CHC_R_S,AY_DOC_CHC_R_P,AY_DOC_CHC_R_V,AY_DOC_CHC_R_SH,DS_PHC_R_S,DS_PHC_R_P,DS_PHC_R_V,DS_CHC_R_R,DS_CHC_R_S,DS_CHC_R_P,DS_CHC_R_V,DS_CHC_R_SH,SUR_CHC_R_R,SUR_CHC_R_S,SUR_CHC_R_P,SUR_CHC_R_V,SUR_CHC_R_SH,OBGY_CHC_R_R,OBGY_CHC_R_S,OBGY_CHC_R_P,OBGY_CHC_R_V,OBGY_CHC_R_SH,PHY_CHC_R_R,PHY_CHC_R_S,PHY_CHC_R_P,PHY_CHC_R_V,PHY_CHC_R_SH,PAED_CHC_R_R,PAED_CHC_R_S,PAED_CHC_R_P,PAED_CHC_R_V,PAED_CHC_R_SH,TSP_CHC_R_R,TSP_CHC_R_S,TSP_CHC_R_P,TSP_CHC_R_V,TSP_CHC_R_SH,GDMO_AL_CHC_R_R,GDMO_AL_CHC_R_S,GDMO_AL_CHC_R_P,GDMO_AL_CHC_R_V,GDMO_AL_CHC_R_SH,RAD_CHC_R_R,RAD_CHC_R_S,RAD_CHC_R_P,RAD_CHC_R_V,RAD_CHC_R_SH,PHARMA_PHC_HWCPHC_R_R,PHARMA_PHC_HWCPHC_R_S,PHARMA_PHC_HWCPHC_R_P,PHARMA_PHC_HWCPHC_R_V,PHARMA_PHC_HWCPHC_R_SH,PHARMA_CHC_R_R,PHARMA_CHC_R_S,PHARMA_CHC_R_P,PHARMA_CHC_R_V,PHARMA_CHC_R_SH,LT_PHC_HWCPC_R_R,LT_PHC_HWCPC_R_S,LT_PHC_HWCPC_R_P,LT_PHC_HWCPC_R_V,LT_PHC_HWCPC_R_SH,LT_CHC_R_R,LT_CHC_R_S,LT_CHC_R_P,LT_CHC_R_V,LT_CHC_R_SH,NURSE_PHC_R_R,NURSE_PHC_R_S,NURSE_PHC_R_P,NURSE_PHC_R_V,NURSE_PHC_R_SH,NURSE_CHC_R_R,NURSE_CHC_R_S,NURSE_CHC_R_P,NURSE_CHC_R_V,NURSE_CHC_R_SH,ASHA_R,ASHA_P,DOC_DH_S,DOC_DH_P,DOC_SDH_S,DOC_SDH_P,PARAMED_DH_S,PARAMED_DH_P,PARAMED_SDH_S,PARAMED_SDH_P,ANM_SC_R_N,ANM_SC_R_P,ANM_L_SC_R_N,ANM_L_SC_R_P,F_SC_IPHS_R,SC_WO_RWS_R_N,SC_WO_RWS_R_P,SC_WO_ES_R_N,SC_WO_ES_R_P,SC_WO_MAR_R_N,SC_WO_MAR_R_P,F_PHC_247_R_N,F_PHC_247_R_P,PHC_W_LR_R_N,PHC_W_LR_R_P,PHC_W_OT_R_N,PHC_W_OT_R_P,PHC_W_4BED_R_N,PHC_W_4BED_R_P,PHC_WO_ES_R_N,PHC_WO_ES_R_P,PHC_WO_RWS_R_N,PHC_WO_RWS_R_P,PHC_WO_MAR_R_N,PHC_WO_MAR_R_P,PHC_W_TEL_R_N,PHC_W_TEL_R_P,PHC_W_COMP_R_N,PHC_W_COMP_R_P,PHC_RT_R,PHC_RRKS_R,F_PHC_IPHS_R,CHC_W_AFS_R,CFC_W_CSA_R,CFC_W_FL_R,CFC_W_FOT_R,CFC_W_FLR_R,CFC_W_FSUNB_R,CFC_W_NBCC_R,CFC_W_30BED,CFC_W_FXRAY_R,CFC_W_QSD_R,CFC_W_SDLQ_R,CFC_W_RT_R,CFC_W_RRKS_R,F_CHC_IPHS_R,CHC_RS_ALO_R,CHC_RS_AYUSH_R,FRU_TOTAL,FRU_PHC,FRU_CHC,FRU_SDH,FRU_DH,FRU_MC,FRU_W_30BED_N,FRU_W_30BED_P,FRU_W_OT_N,FRU_W_OT_P,FRU_W_LR_N,FRU_W_LR_P,FRU_W_BS_N,FRU_W_BS_P,SC_STOI_R,SC_TOIS_R,PHC_STOI_R,PHC_TOIS_R,CHC_STOI_R,CHC_TOIS_R,PHC_HWCPHC_U_R,PHC_HWCPHC_U_P,PHC_HWCPHC_U_SH,PHC_HWCPHC_U_SH_P,PHC_U_GB,PHC_U_RB,PHC_U_RFP,PHC_U_BUC,PHC_U_BRC,CHC_U_GB,CHC_U_RB,CHC_U_RFP,CHC_U_BUC,CHC_U_BRC,HWF_PHC_U_R,HWF_PHC_U_S,HWF_PHC_U_P,HWF_PHC_U_V,HWF_PHC_U_SH,DOC_PHC_U_R,DOC_PHC_U_S,DOC_PHC_U_P,DOC_PHC_U_V,DOC_PHC_U_SH,TSP_CHC_U_R,TSP_CHC_U_S,TSP_CHC_U_P,TSP_CHC_U_V,TSP_CHC_U_SH,GDMO_AL_CHC_U_R,GDMO_AL_CHC_U_S,GDMO_AL_CHC_U_P,GDMO_AL_CHC_U_V,GDMO_AL_CHC_U_SH,RAD_CHC_U_R,RAD_CHC_U_S,RAD_CHC_U_P,RAD_CHC_U_V,RAD_CHC_U_SH,PHARMA_PHC_HWCPHC_U_R,PHARMA_PHC_HWCPHC_U_S,PHARMA_PHC_HWCPHC_U_P,PHARMA_PHC_HWCPHC_U_V,PHARMA_PHC_HWCPHC_U_SH,PHARMA_CHC_U_R,PHARMA_CHC_U_S,PHARMA_CHC_U_P,PHARMA_CHC_U_V,PHARMA_CHC_U_SH,LT_PHC_HWCPC_U_R,LT_PHC_HWCPC_U_S,LT_PHC_HWCPC_U_P,LT_PHC_HWCPC_U_V,LT_PHC_HWCPC_U_SH,LT_CHC_U_R,LT_CHC_U_S,LT_CHC_U_P,LT_CHC_U_V,LT_CHC_U_SH,NURSE_PHC_U_R,NURSE_PHC_U_S,NURSE_PHC_U_P,NURSE_PHC_U_V,NURSE_PHC_U_SH,NURSE_CHC_U_R,NURSE_CHC_U_S,NURSE_CHC_U_P,NURSE_CHC_U_V,NURSE_CHC_U_SH,TS_ANM_HW,TS_LHV_HA,ANM_TO_LHV,RP_ANM,RP_LHV,HFWTC,MPW_M,POP_COV_SC_HWCSC_R,NO_ST_UT_SC_HWCSC_R,POP_COV_NAME_SC_HWCSC_R,AVG_RPC_SC_HWCSC_R,POP_COV_PHC_HWCPHC_R,NO_ST_UT_PHC_HWCPHC_R,POP_COV_NAME_PHC_HWCPHC_R,AVG_RPC_PHC_HWCPHC_R,POP_COV_CHC_R,NO_ST_UT_CHC_R,POP_COV_NAME_CHC_R,AVG_RPC_CHC_R,AVG_RPC_SC,AVG_RPC_PHC,AVG_RPC_CHC,AVG_RA_SC,AVG_RA_PHC,AVG_RA_CHC,AVG_RD_SC,AVG_RD_PHC,AVG_RD_CHC,AVG_VC_SC_HWCSC,AVG_VC_PHC_HWCPHC,AVG_VC_CHC,SC_TO_PHC,PHC_TO_CHC,HWM_SC_HWCSC_R,HAM_SC_HWCSC_R,HWM_TO_HAM_SC_HWCSC_R,AVG_RPC_HWM_SC_HWCSC_R,HWF_ANM_SC_PHC_R,HAF_LHV_SC_PHC_R,HWF_ANM_TO_HAF_LHV_SC_PHC_R,AVG_RPC_HWF_ANM_SC_PHC_R,F_R_AYUSH_PHC,F_U_AYUSH_PHC,SC_WO_HWF_ANM_R,SC_WO_HWM_R,SC_WO_HWF_HWM_R,PHC_W_4PLUS_DOC_R,PHC_W_3PLUS_DOC_R,PHC_W_2PLUS_DOC_R,PHC_W_1PLUS_DOC_R,PHC_WO_DOC_R,PHC_WO_LT_R,PHC_WO_PHARMA_R,PHC_W_LAD_R,F_HWCSC,HWF_ANM_HWCSC,HWM_HWCSC,MLHP_HWCSC,F_HWCPHC_R,HWF_ANM_HWCPHC_R,LHV_HWCPHC_R,HAM_HWCPHC_R,DOC_HWCPHC_R,AYUSH_DOC_HWCPHC_R,PHARMA_HWCPHC_R,LT_HWCPHC_R,NURSE_HWCPHC_R,F_HWCPHC_U,HWF_ANM_HWCPHC_U,HAM_HWCPHC_U,LHV_HWCPHC_U,DOC_HWCPHC_U,AYUSH_DOC_HWCPHC_U,PHARMA_HWCPHC_U,LT_HWCPHC_U,NURSE_HWCPHC_U,TABS_MPW_MLHP_HWCSC,HWCSC_W_IC,HWCSC_W_TELECONS,HWCSC_W_DSL,HWCSC_W_DBP_BMW,HWCSC_W_ELEC_BACK,HWCSC_W_WR,HWCSC_W_RSDCM,HWCPHC_W_LAP_MO_R,HWCPHC_W_TAB_ANM_R,HWCPHC_W_IC_R,HWCPHC_W_TELECONS_R,HWCPHC_W_WR_R,HWCPHC_W_FDP_R,HWCPHC_W_DBP_BWM_R,HWCPHC_W_LAP_MO_U,HWCPHC_W_TAB_ANM_U,HWCPHC_W_IC_U,HWCPHC_W_TELECONS_U,HWCPHC_W_WR_U,HWCPHC_W_FDP_U,HWCPHC_W_DBP_BWM_U,F_SC_T,F_PHC_T,F_HWCSC_T,F_HWCPHC_T,F_CHC_T,SC_HWCSC_T_R,SC_HWCSC_T_P,SC_HWCSC_T_SH,SC_HWCPHC_T_R,SC_HWCPHC_T_P,SC_HWCPHC_T_SH,CHC_T_R,CHC_T_P,CHC_T_SH,SC_HWCSC_T_GB,SC_HWCSC_T_RB,SC_HWCSC_T_RFP,SC_HWCSC_T_BUC,SC_HWCSC_T_BRC,PHC_HWCPHC_T_GB,PHC_HWCPHC_T_RB,PHC_HWCPHC_T_RFP,PHC_HWCPHC_T_BUC,PHC_HWCPHC_T_BRC,CHC_T_GB,CHC_T_RB,CHC_T_RFP,CHC_T_BUC,CHC_T_BRC,HWF_ANM_SC_T_R,HWF_ANM_SC_T_S,HWF_ANM_SC_T_P,HWF_ANM_SC_T_V,HWF_ANM_SC_T_SH,HWF_ANM_PHC_T_R,HWF_ANM_PHC_T_S,HWF_ANM_PHC_T_P,HWF_ANM_PHC_T_V,HWF_ANM_PHC_T_SH,HWM_ANM_SC_T_R,HWM_ANM_SC_T_S,HWM_ANM_SC_T_P,HWM_ANM_SC_T_V,HWM_ANM_SC_T_SH,MLHP_HWCSC_T_R,MLHP_HWCSC_T_S,MLHP_HWCSC_T_P,MLHP_HWCSC_T_V,MLHP_HWCSC_T_SH,HAF_LHV_PHC_T_R,HAF_LHV_PHC_T_S,HAF_LHV_PHC_T_P,HAF_LHV_PHC_T_V,HAF_LHV_PHC_T_SH,HAM_PHC_T_R,HAM_PHC_T_S,HAM_PHC_T_P,HAM_PHC_T_V,HAM_PHC_T_SH,DOC_PHC_T_R,DOC_PHC_T_S,DOC_PHC_T_P,DOC_PHC_T_V,DOC_PHC_T_SH,AY_DOC_PHC_T_S,AY_DOC_PHC_T_P,AY_DOC_PHC_T_V,AY_DOC_CHC_T_R,AY_DOC_CHC_T_S,AY_DOC_CHC_T_P,AY_DOC_CHC_T_V,AY_DOC_CHC_T_SH,DS_PHC_T_S,DS_PHC_T_P,DS_PHC_T_V,DS_CHC_T_R,DS_CHC_T_S,DS_CHC_T_P,DS_CHC_T_V,DS_CHC_T_SH,SUR_CHC_T_R,SUR_CHC_T_S,SUR_CHC_T_P,SUR_CHC_T_V,SUR_CHC_T_SH,OBGY_CHC_T_R,OBGY_CHC_T_S,OBGY_CHC_T_P,OBGY_CHC_T_V,OBGY_CHC_T_SH,PHY_CHC_T_R,PHY_CHC_T_S,PHY_CHC_T_P,PHY_CHC_T_V,PHY_CHC_T_SH,PAED_CHC_T_R,PAED_CHC_T_S,PAED_CHC_T_P,PAED_CHC_T_V,PAED_CHC_T_SH,TSP_CHC_T_R,TSP_CHC_T_S,TSP_CHC_T_P,TSP_CHC_T_V,TSP_CHC_T_SH,GDMO_AL_CHC_T_R,GDMO_AL_CHC_T_S,GDMO_AL_CHC_T_P,GDMO_AL_CHC_T_V,GDMO_AL_CHC_T_SH,RAD_CHC_T_R,RAD_CHC_T_S,RAD_CHC_T_P,RAD_CHC_T_V,RAD_CHC_T_SH,PHARMA_PHC_T_R,PHARMA_PHC_T_S,PHARMA_PHC_T_P,PHARMA_PHC_T_V,PHARMA_PHC_T_SH,PHARMA_CHC_T_R,PHARMA_CHC_T_S,PHARMA_CHC_T_P,PHARMA_CHC_T_V,PHARMA_CHC_T_SH,LT_PHC_T_R,LT_PHC_T_S,LT_PHC_T_P,LT_PHC_T_V,LT_PHC_T_SH,LT_CHC_T_R,LT_CHC_T_S,LT_CHC_T_P,LT_CHC_T_V,LT_CHC_T_SH,NURSE_PHC_T_R,NURSE_PHC_T_S,NURSE_PHC_T_P,NURSE_PHC_T_V,NURSE_PHC_T_SH,NURSE_CHC_T_R,NURSE_CHC_T_S,NURSE_CHC_T_P,NURSE_CHC_T_V,NURSE_CHC_T_SH
1,Andhra Pradesh*,14132,158856,4119,162975,97.47261849976991,13,17039,34776389,14610410,49386799,70.41636571748657,34380000,17935000,52315000,65.71728949632036,9,308.27251958428263,1.73,35.61,10.98,216.42242030518204,4354.212187424132,321.0001533977604,16.4,16.7,15.8,6.8,7.7,4.9,34,38,24,6825,21,0,121,612,0,1145,243,140,55,28,14,52,11,2266964.7144791256,7178,7437,,,1183,1145,38,3.212172442941674,295,140,155,52.54237288135593,1769,5668,0,4,5664,1145,0,0,42,,140,0,0,0,0.0,28,0,0,0,14,0,0,0,7437,14275,11815,2460,,7437,5014,2952,2062,4485,1145,0,0,0,1145,1145,1209,1123,86,22,1145,0,0,0,1145,1145,1862,1715,147,,116,61,55,140,9,9,0,131,21,20,1,280,4,4,0,276,140,22,17,5,123,140,126,102,24,38,140,46,36,10,104,140,101,82,19,58,560,295,237,58,323,280,356,263,93,17,140,91,40,51,100,1145,1194,907,287,238,140,139,109,30,31,1145,1031,733,298,412,140,125,84,41,56,1145,2132,1920,212,,980,1058,941,117,39,42209,42232,551,406,684,395,1671,1348,997,892,2321,34.00732600732601,2321,34.00732600732601,,0,0,0,0,0,0,0,,0,,0,,0,,0,,0,,0,,0,,0,,0,0,0,5,140,140,140,140,59,140,140,55,0,0,140,140,0,140,45,240,0,198,28,14,0,205,85.41666666666667,239,99.58333333333334,238,99.16666666666667,118,49.16666666666667,0,7437,1145,1145,140,140,358.7,364,,,364,0,0,0,0,55,0,0,0,0.0,1820,784,751,33,1069,364,384,375,9,,220,173,140,33,80,110,85,65,20,45,55,53,28,25,27,364,258,78,180,286,55,78,50,28,5,364,39,30,9,334,55,69,47,22,8,364,103,97,6,267,385,666,561,105,,9,2,4.5,38.2,171.9,3,7,Less than 3000,11.0,Lakshadweep,285.7142857142857,Less than 10000,4.0,Lakshadweep,1000.0,Less than 1 lakh,13.0,Lakshadweep,1333.3333333333333,4622.831787010891,30026.200873362446,245571.42857142858,21.36022589753933,138.73886462882095,1134.6857142857143,2.606997413280923,6.644108984662984,19.0009569137021,2.291112007529918,14.88122270742358,121.70714285714286,6.495196506550219,8.178571428571429,2952,0,,11646.341463414634,11815,1123,10.520926090828139,2909.8603470165044,160,0,0,2437,0,0,0,0,0,0,0,0,0,1145,932,255.0,359,1145,0,1123.0,0.0,1715,61.0,907.0,733.0,1920,243,486,0.0,0.0,243,0.0,63.0,243.0,0,359,612,213,612,0,213,612,612,1145,1145,1145,0,1145,1145,1145,243,0,243,243,243,243,243,762,0,40,153,21,755,802,,113,153,,28,21,7,607,195,0,0,195,153,0,0,0,0,21,0,0,0,0,802,1493,1290,203,,153,0,0,0,153,802,640,417,223,385,40,106,40,66,0,153,129,97,32,56,153,0,0,0,153,153,287,273,14,,11,2,9,21,0,0,0,21,0,0,0,21,15,15,0,6,21,3,1,2,20,21,18,11,7,10,21,2,1,1,20,21,10,8,2,13,84,33,21,12,63,42,61,36,25,6,21,9,1,8,20,153,163,145,18,8,21,18,15,3,6,153,163,145,18,8,21,18,11,7,10,153,466,448,18,,147,136,116,20,31
2,Arunachal Pradesh,,,,83743,,22,5589,1066358,317369,1383727,77.064189684815,1133000,374000,1507000,75.18248175182481,26,16.52349450103292,6.249495947889921,17.843897797201365,8.908765963228296,,,17.99553395507684,18.9,19.5,16.1,6.2,6.5,4.5,36,38,23,307,0,101,4,78,0,42,0,63,0,0,17,16,1,839207.3937645707,338,385,,,51,143,,,12,63,,,385,0,0,0,0,143,0,0,0,0,63,0,0,0,0.0,0,,,,17,0,0,0,385,,477,,,385,,185,,200,143,,212,,,143,,17,,126,143,,81,,62,143,,116,,27,,58,,63,,56,,7,,6,,126,,30,,96,63,,1,,62,63,,3,,60,63,,0,,63,63,,0,,63,252,,4,,248,126,,115,,11,63,,17,,46,143,,55,,88,63,,46,,17,143,,50,,93,63,,63,,0,143,,166,,,441,,451,,,,3880,,699,,,,913,,,158,51.46579804560261,163,53.09446254071661,0,122,39.73941368078176,146,47.557003257328994,87,28.338762214983714,43,42.57425742574257,61,60.396039603960396,8,7.920792079207921,52,51.48514851485149,13,12.871287128712872,18,17.821782178217823,26,25.742574257425744,18,17.821782178217823,24,23.762376237623762,58,93,29,4,36,49,33,55,13,49,7,10,3,2,48,55,14,58,41,16,0,4,0,12,0,6,37.5,13,81.25,16,100,5,31.25,48,79,51,47,31,36,7.48,4,3.4800000000000004,46.524064171122994,4,0,0,0,0,0,0,0,0,0.0,20,0,9,,11,4,,5,,,0,0,0,0,0,0,0,0,0,0,0,0,0,0,0,4,,3,,1,0,0,0,0,0,4,,4,,0,0,0,0,0,0,4,0,6,,,0,0,0,0,0,1,1,1,11.33,11.33,0,1,,,Daman & Diu,1478.2608695652175,,,Arunachal Pradesh,7923.076923076923,,,Arunachal Pradesh,17984.126984126986,2942.8571428571427,7923.076923076923,17984.126984126986,,,,,,,14.516883116883117,39.08391608391609,88.71428571428571,2.6923076923076925,2.2698412698412698,185,81,2.2839506172839505,6124.324324324324,689,17,40.529411764705884,1644.4121915820028,51,3,52,179,73,0,5,29,35,32,61,71,33,42,51,36.0,36,42,59,11.0,29.0,39,15.0,21.0,13.0,58,0,0,0.0,0.0,0,0.0,0.0,0.0,0,29,15,0,19,14,2,2,48,31,25,3,0,4,1,4,0,0,0,0,0,0,0,307,101,78,42,63,279,385,,41,143,,10,63,,385,0,0,0,0,143,0,0,0,0,63,0,0,0,0,385,,477,,,143,145,76,69,67,385,,185,,200,78,,36,,42,143,,200,,,143,,81,,62,143,,123,,20,,62,,63,,56,,7,,6,,63,,30,,33,63,,1,,62,63,,3,,60,63,,0,,63,63,,0,,63,252,,4,,248,126,,115,,11,63,,17,,46,143,,58,,85,63,,46,,17,143,,54,,89,63,,63,,0,143,,172,,,441,,451,,
3,Assam,18549.42,31602.79,2288.03,45294.26,69.77217422251738,27,26395,26807034,4398542,31205576,85.90462807031668,29208000,5202000,34410000,84.8823016564952,17.1,397.837476733216,8.95647761703141,18.26646193215843,10.268754532843746,924.2221968376842,2273.571587785125,759.6989110761496,21.7,22.8,15,6.7,7.1,4.9,44,46,22,4015,19,698,6,628,0,248,49,177,2,14,25,145,6,3993696.17839855,6374,4643,1731,27.157201129588955,1040,946,94,9.038461538461538,260,177,83,31.923076923076923,4049,466,128,0,594,946,0,0,0,0,177,0,0,0,0.0,14,0,0,0,25,0,0,0,4643,,9010,,,4643,,3080,,1563,946,,2492,,,946,,252,,694,946,,0,,946,946,,1925,,,,926,,177,,86,,91,,161,,354,,56,,298,177,,6,,171,177,,82,,95,177,,6,,171,177,,42,,135,708,,136,,572,354,,462,,,177,,90,,87,946,,1540,,,177,,239,,,946,,1163,,,177,,246,,,946,,2177,,,1239,,1192,,47,,32453,,774,,423,,2818,,851,2114,52.65255292652553,,,0,491,12.229140722291408,2503,62.3412204234122,,,310,44.41260744985673,556,79.65616045845272,42,6.017191977077363,267,38.25214899713467,47,6.733524355300859,8,1.146131805157593,74,10.601719197707736,296,42.40687679083094,625,89.54154727793696,652,698,5,0,141,174,170,176,172,176,89,86,96,,160,177,8,172,108,80,0,37,11,26,6,80,100,80,100,80,100,39,48.75,1479,0,878,0,176,0,104.04,55,49.040000000000006,47.13571703191081,55,0,0,0,0,2,0,0,0,0.0,275,,211,,64,55,,43,,12,8,,9,,,4,,8,,,2,,1,,1,55,,36,,19,2,,5,,,55,,35,,20,2,,6,,,55,,101,,,14,,39,,,18,1,18,16.226666666666667,292.08,1,0,,,Mizoram,1478.3783783783783,,,Daman & Diu,8500.0,,,Kerala,50709.251101321584,6290.7602842989445,30875.26427061311,165016.94915254237,6.806545337066552,33.40675475687104,178.5468361581921,1.4716381929281437,3.2602794309836898,7.537264554161858,5.684902003015292,27.90169133192389,149.12429378531073,4.908033826638478,5.344632768361582,3080,0,,9483.116883116883,11502,252,45.642857142857146,2539.3844548774127,432,10,,1959,,68,104,111,415,0,131,47,,248,1338,428.0,671,248,122,32.0,0.0,139,38.0,99.0,99.0,161,49,15,0.0,0.0,3,0.0,4.0,3.0,6,16,16,16,628,340,285,,628,14,,14,14,,,218,,,,,,,36,664,131,114,50,27,1331,778,553,199,181,18,49,27,22,725,43,10,0,53,181,0,0,0,0,27,0,0,0,0,778,,1402,,,181,,415,,,778,,345,,433,114,,115,,,181,,22,,159,181,,11,,170,181,,336,,,,205,,27,,20,,7,,26,,27,,11,,16,27,,0,,27,27,,2,,25,27,,3,,24,27,,0,,27,108,,5,,103,54,,81,,,27,25,19,6,8,181,,273,,,27,,42,,,181,,230,,,27,,49,,,181,,380,,,189,,199,,
4,Bihar,,92257.51,1095.49,94163,97.97639200110446,38,44874,92341436,11758016,104099452,88.70501642986555,105717000,14397000,120114000,88.01388680753284,25.4,1105.5239531450782,14.484899281834862,22.44412662816584,15.383892702912597,1145.8904537961191,13142.064281736939,1275.5965719019148,26.8,27.7,21.1,6,6.1,5.5,38,39,29,9865,0,1480,0,84,0,419,95,150,0,55,36,0,9,1454932.4873721912,21337,9949,11388,53.3720766743216,3548,1899,1649,46.47688838782413,887,150,737,83.08906426155582,5643,3277,1029,45,4261,1493,384,22,45,361,150,0,0,0,0.0,55,0,0,0,36,0,0,0,9949,,20570,,,9949,,1244,,8705,1899,,3658,,,1899,,95,,1804,1899,,212,,1687,1899,,2085,,,,1803,,150,,9,,141,,,,300,,,,,150,,13,,137,150,,30,,120,150,,8,,142,150,,31,,119,600,,82,,518,300,,714,,,150,,1,,149,1899,,235,,1664,150,,52,,98,1899,,453,,1446,150,,158,,,1899,,1296,,603,1050,,334,,716,104239,89439,888,1301,55,286,,1916,,288,1302,13.198175367460719,113,1.1454637607704004,,4875,49.41713127217435,6364,64.51089711099847,,,795,53.71621621621621,795,53.71621621621622,496,33.51351351351351,795,53.71621621621621,0,0,0,0,0,0,533,36.01351351351351,783,52.9054054054054,496,1480,,24,150,150,150,150,,51,150,150,28,24,150,68,,150,,150,0,68,46,36,0,150,100,150,100,150,100,68,45.333333333333336,3742,2554,375,272,0,0,287.94,95,192.94,67.00701535042023,0,0,0,236,,0,0,0,0,0.0,475,,95,,380,95,,95,,0,0,0,0,0,0,0,0,0,0,0,0,0,0,0,0,95,,149,,,0,0,0,0,0,95,0,0,0,95,0,0,0,0,0,95,,155,,,0,0,0,0,0,22,0,-,48.05318181818182,-,3,0,,,A& N Islands,1854.8387096774193,,,Mizoram,9271.186440677966,,,A& N Islands,57500.0,10625.892049452206,55669.82622432859,704780,9.273043521962006,48.582153765139545,615.0500666666667,1.7177059841244664,3.931660974216974,13.989201138194007,4.510403055583476,23.630331753554504,299.16,5.239073196419168,12.66,1244,212,5.867924528301887,84981.5112540193,24228,95,255.03157894736842,4363.422486379396,1819,0,354,3325,323,439,41,56,944,0,256,201,156,419,419,,419,419,419,,,299,419.0,,,419,95,95,0.0,,95,0.0,149.0,,155,84,84,0,0,0,49,,84,,419,419,0,,,0,0,0,95,0,,,,,,,,,484,,,72,,,18,,,,,,,,,,,,,,,,,,,,,,,,,,,,,,,,,,,,,,,,,,,,,,,,,,,,,,,,,,,,,,,,,,,,,,,,,,,,,,,,,,,,,,,,,,,,,,,,,,,,,,,,,,,,,,,,,,,,,,,,,,,,,,,,,,,,,
5,Chhattisgarh,82315.23,131940.34,3251.66,135192,97.59478371501272,27,20126,19607961,5937237,25545198,76.75791356167997,21366000,7486000,28852000,74.05379176486898,22.6,188.9549529557962,8.96594500570457,26.08558492780396,12.944906514328055,161.9368269022196,2302.208718008648,213.41499497011657,22.8,24.1,18.3,7.4,7.8,6.2,39,41,31,4555,364,657,30,650,0,135,15,170,4,20,26,30,6,7879416.835437403,5323,5205,118,2.2167950403907573,843,792,51,6.04982206405694,210,170,40,19.047619047619047,4202,56,947,244,759,677,0,115,37,78,159,0,11,8,3.0,20,0,1,0,24,0,2,2,5205,5205,5987,,,5205,5205,3860,1345,1345,792,850,821,29,,792,792,438,354,354,792,588,237,351,555,792,792,321,471,471,357,248,109,170,99,95,4,75,29,4,25,340,168,124,44,216,170,167,11,156,159,170,170,18,152,152,170,167,10,157,160,170,167,22,145,148,680,671,61,610,619,340,488,607,,,170,180,161,19,9,792,792,676,116,116,170,334,327,7,,792,669,498,171,294,170,481,346,135,,792,1535,1075,460,,1190,1891,1543,348,,66220,66220,1042,725,176,64,2488,2200,427,245,3361,73.78704720087816,3164,69.46212952799122,0,1178,25.861690450054887,630,13.830954994511528,431,9.46212952799122,224,34.09436834094368,614,93.45509893455099,228,34.70319634703196,509,77.47336377473363,26,3.95738203957382,52,7.91476407914764,33,5.0228310502283104,189,28.767123287671232,616,93.75951293759512,422,657,0,4,170,161,150,161,145,169,143,3,0,0,3,3,0,3,2,57,0,28,5,24,0,51,89.47368421052633,55,96.49122807017545,57,100.00000000000001,44,77.19298245614036,2717,3292,610,623,161,157,149.72,45,104.72,69.94389527117285,19,2,24,2,24,4,0,0,0,0.0,225,664,376,288,,45,88,62,26,,16,0,0,0,16,8,8,4,4,4,4,0,0,0,4,45,77,47,30,,4,4,2,2,2,45,50,26,24,19,4,4,2,2,2,45,184,128,56,,28,20,10,10,18,14,0,-,15.26142857142857,-,1,3,,,Goa,1986.3013698630136,10000-20000,9.0,Nagaland,10166.666666666666,,,Mizoram,60777.77777777778,4104.899135446686,26977.272727272728,125682.35294117648,25.348768491834775,166.59133838383838,776.1196470588235,2.8399854308432593,7.280544961767094,15.71455250485382,3.8666666666666667,25.411616161616163,118.38823529411765,6.571969696969697,4.658823529411765,3860,237,16.286919831223628,5535.233160621761,6808,438,15.54337899543379,3138.3666274970624,454,3,119,927,105,0,11,91,258,297,257,141,71,135,850,484.0,67,135,202,102.0,44.0,66,74.0,152.0,129.0,302,15,1,0.0,1.0,16,1.0,16.0,15.0,41,507,413,104,399,372,136,392,648,132,73,135,25,89,135,135,10,15,15,3,8,15,15,2440,288,372,107,81,2626,2812,,393,395,,98,81,17,2353,47,412,0,459,395,0,26,14,16,74,0,7,4,3,2812,2906,4254,,,395,448,435,13,,2812,2906,1841,1065,971,372,230,27,203,345,395,427,376,51,19,395,350,307,43,88,395,409,176,233,219,285,222,63,81,54,52,2,29,29,4,25,81,71,49,22,32,81,88,6,82,75,81,91,5,86,76,81,76,7,69,74,81,88,12,76,69,324,343,30,313,294,162,255,260,,,81,113,59,54,22,395,402,335,67,60,81,179,149,30,,395,387,266,121,129,81,203,161,42,,395,757,559,198,,567,957,761,196,
6,Goa,163,1324,2215,3702,35.764451647757966,2,334,551731,906814,1458545,37.827492466807676,435000,1108000,1543000,28.191834089436163,8.2,393.9883846569422,-21.157230606944328,22.186027123533602,5.790359570668029,328.5498489425982,500.2257336343115,416.8017287952458,12.9,12.1,13.5,6.7,7.6,6.1,8,10,7,219,0,0,0,0,0,24,0,5,0,2,2,0,1,69097.01466838006,96,219,,,15,24,,,3,5,,,46,173,0,0,173,23,1,0,1,0,5,0,0,0,0.0,2,0,0,0,2,0,0,0,219,244,186,58,33,219,86,86,0,133,24,64,64,0,,24,16,14,2,10,24,0,0,0,24,24,48,56,,,38,43,,5,7,10,,,1,1,0,10,0,0,0,10,5,2,1,1,4,5,2,1,1,4,5,1,1,0,4,5,0,2,,3,20,5,5,0,15,10,12,10,2,0,5,7,7,0,,24,33,31,2,,5,10,10,0,,24,24,23,1,1,5,7,7,0,,24,72,73,,,35,57,62,,,,,86,72,151,85,216,209,429,245,0,0,0,0,219,0,0,0,0,0,0,0,,0,,0,,0,,0,,0,,0,,0,,0,,0,0,0,5,5,5,5,5,0,5,5,5,0,0,5,5,5,5,5,34,24,5,2,2,1,8,23.52941176470588,2,5.88235294117647,2,5.88235294117647,2,5.88235294117647,219,219,24,24,5,5,22.16,0,22.16,100,0,0,0,0,0,0,0,0,0,0.0,0,0,0,0,0,0,0,0,0,0,0,0,0,0,0,0,0,0,0,0,0,0,0,0,0,0,0,0,0,0,0,0,0,0,0,0,0,0,0,0,0,0,0,0,0,0,0,0,0,0,0,0,0,0,0,1,0,-,4.35,-,0,0,,,Kerala,2139.5910780669146,,,A& N Islands,10454.545454545454,,,Nagaland,61000.0,1986.3013698630136,18125,87000,6.045662100456621,55.166666666666664,264.8,1.386946199113793,4.189633671698553,9.179027478689965,1.5251141552511416,13.916666666666666,66.8,9.125,4.8,86,0,,5058.139534883721,250,14,17.857142857142858,1740,14,0,,58,,0,0,0,0,0,0,0,0,24,0,0.0,0,24,64,14.0,0.0,56,43.0,31.0,23.0,73,0,0,0.0,0.0,0,0.0,0.0,0.0,0,0,0,0,0,0,0,0,0,4,15,24,0,24,24,24,0,0,0,0,0,0,0,66,0,0,8,1,23,66,,3,8,,0,1,,0,66,0,0,66,8,0,0,0,0,1,0,0,0,0,66,59,59,0,7,8,18,18,0,,66,49,49,0,17,0,0,0,0,0,8,8,6,2,2,8,0,0,0,8,8,19,18,1,,,2,,1,1,2,,,0,0,0,1,0,0,0,1,1,1,0,1,1,1,1,1,0,0,1,1,1,0,0,1,1,0,1,1,4,4,2,2,2,2,6,6,0,,1,1,1,0,0,8,7,6,1,2,1,2,1,1,0,8,7,6,1,2,1,2,1,1,0,8,17,22,,,7,24,23,1,
7,Gujarat,35284.32,190796.5,5227.5,196024,97.33323470595437,33,18225,34694609,25745083,60439692,57.4036826660202,36235000,32010000,68245000,53.09546486922119,19.3,307.98236888771123,4.4398569241694,24.334421450496002,12.914208762016855,189.91438522195114,6123.38593974175,348.1461453699547,20.1,22,17.7,6.1,6.5,5.5,30,38,19,8353,0,704,247,813,0,772,71,362,14,36,22,30,29,6065875.602748542,8055,9166,,,1308,1476,,,327,362,,,8515,272,379,2688,,1476,0,0,0,0,361,1,0,90,,36,0,0,0,22,0,0,0,9166,9166,8631,535,535,9166,9137,7940,1197,1226,1476,1476,537,939,939,1476,2165,1710,455,,1476,1396,936,460,540,1476,2639,2186,453,,1691,1273,418,362,,,,,,,,724,362,265,97,459,362,363,31,332,331,362,88,48,40,314,362,62,9,53,353,362,88,30,58,332,1448,601,118,483,1330,724,1151,955,196,,362,364,192,172,170,1476,1476,1360,116,116,362,399,315,84,47,1476,1476,1385,91,91,362,365,344,21,18,1476,2554,1708,846,,2534,2676,2510,166,24,38926,37686,413,251,477,179,1592,1281,754,750,5060,60.5770381898719,1871,22.399138034239193,,355,4.249970070633306,247,2.957021429426553,209,2.502095055668622,0,0,443,62.92613636363637,272,38.63636363636363,704,100,0,0,0,0,0,0,704,100,704,100,556,685,,0,358,354,301,355,152,316,362,251,141,96,332,361,,362,0,132,0,59,32,23,18,132,100,132,100,132,100,132,100,1844,5839,1141,968,355,355,640.2,318,322.20000000000005,50.32802249297095,318,0,0,0,0,14,0,0,0,0.0,1590,3064,1947,1117,,318,373,257,116,61,56,111,35,76,21,28,75,21,54,7,14,7,0,7,14,318,380,359,21,,14,13,9,4,5,318,344,221,123,97,14,13,11,2,3,318,585,433,152,,98,255,76,179,22,30,3,10,12.078333333333335,120.78333333333335,1,5,,,Sikkim,2210.2272727272725,,,Himachal Pradesh,11206.484641638226,,,Himachal Pradesh,75482.75862068965,3953.1965961160813,24549.457994579945,100096.68508287292,20.81567750381846,129.2659214092141,527.0621546961326,2.5735520423825373,6.413272635942725,12.94996504535986,1.9883264237399083,12.347560975609756,50.34530386740332,6.210027100271002,4.077348066298343,7940,936,8.482905982905983,4563.60201511335,9168,1710,5.36140350877193,3952.3342059336824,841,0,535,1197,361,0,0,545,92,67,104,122,561,772,813,770.0,775,772,186,550.0,265.0,772,427.0,715.0,632.0,439,71,71,24.0,13.0,71,3.0,71.0,71.0,71,775,457,172,775,294,142,581,813,772,772,772,401,580,691,772,71,71,71,17,62,35,71,2519,203,259,218,92,2021,2778,,303,421,,75,92,,2223,144,670,815,,421,0,0,0,0,84,0,8,23,,2778,2778,2112,666,666,421,421,396,25,25,2778,2778,1815,963,963,259,259,259,0,0,421,639,448,191,,421,421,333,,,421,1030,531,499,,434,273,161,92,,,,,0,0,0,92,0,0,0,92,92,154,9,145,83,92,62,20,42,72,92,62,10,52,82,92,62,19,43,73,368,340,58,282,310,184,340,181,159,3,92,92,14,78,78,421,421,421,0,0,92,92,89,3,3,421,421,421,0,0,92,92,84,8,8,421,1120,738,382,,644,644,509,135,135
8,Haryana,,42235.92,1976.08,44212,95.53044422328779,22,6841,16509359,8842103,25351462,65.12192077916453,17304000,11503000,28807000,60.06873329399104,19.9,573.4068126300552,4.813275912165942,30.093485678689785,13.630527501727514,409.69866407550734,5821.1206024047615,651.565185922374,20.7,22,18.3,5.9,6.3,5.1,33,35,27,2440,32,193,25,164,0,186,72,115,13,21,22,12,7,0,3460,2604,856,24.739884393063583,576,379,197,34.20138888888889,144,115,29,20.13888888888889,1669,275,660,9,926,321,4,54,15,43,112,1,2,9,,21,0,0,0,22,0,0,0,2604,3918,4411,,,2604,1936,1623,313,981,379,20,195,,184,379,295,288,7,91,379,123,116,7,263,379,684,542,142,,98,115,,115,106,120,,,369,312,57,230,81,89,,141,115,,3,,112,115,18,6,12,109,115,15,1,14,114,115,18,5,13,110,460,51,15,36,445,230,583,405,178,,115,79,54,25,61,379,336,260,76,119,115,214,170,44,,379,331,207,124,172,115,204,149,55,,379,1221,1076,145,,805,1134,1034,100,,20676,20038,821,1049,393,269,2567,3004,975,655,819,33.5655737704918,382,15.655737704918034,15,234,9.59016393442623,161,6.5983606557377055,8,0.3278688524590164,109,56.476683937823836,134,69.43005181347151,34,17.61658031088083,153,79.27461139896373,4,2.072538860103627,4,2.072538860103627,13,6.7357512953367875,164,84.97409326424871,64,33.160621761658035,181,181,13,0,112,113,65,111,54,106,69,54,58,16,115,114,7,114,94,54,0,12,15,22,5,48,88.88888888888889,51,94.44444444444444,53,98.14814814814814,44,81.48148148148148,1120,1042,336,337,112,113,230.06,97,133.06,57.837085977571064,11,76,10,1,85,11,2,0,0,2.0,485,831,808,23,,97,91,85,6,12,52,6,6,0,46,26,22,20,2,6,13,5,3,2,10,97,84,94,,3,13,18,25,,,97,20,27,,70,13,16,19,,,97,110,93,17,,91,72,59,13,32,8,0,-,21.63,-,1,2,,,Tripura,2669.753086419753,,,Kerala,13574.292452830188,,,Goa,87000.0,6645.1612903225805,45656.99208443272,150469.5652173913,16.21963133640553,111.44042216358838,367.26886956521736,2.2717376144388473,5.954688584885018,10.81010067852478,2.627112135176651,18.050131926121374,59.48695652173913,6.870712401055409,3.2956521739130435,1623,116,13.991379310344827,10661.737523105361,4606,288,15.993055555555555,3756.838905775076,100,3,39,943,19,0,4,58,88,43,96,68,56,186,290,134.0,150,186,104,142.0,54.0,269,56.0,122.0,95.0,595,72,389,0.0,0.0,62,3.0,67.0,71.0,64,151,151,28,148,82,105,164,164,170,114,184,56,185,134,185,40,53,65,34,68,48,71,,,,,,,,,,,,,,,,,,,,,,,,,,,,,,,,,,,,,,,,,,,,,,,,,,,,,,,,,,,,,,,,,,,,,,,,,,,,,,,,,,,,,,,,,,,,,,,,,,,,,,,,,,,,,,,,,,,,,,,,,,,,,,,,,,,,,,,,,,,,,,,,,
9,Himachal Pradesh,23695,55402.18,271,55673,99.51355235033141,12,20690,6176050,688552,6864602,89.96952773081381,6567000,748000,7315000,89.77443609022556,12.9,123.30217520162377,6.330097716177815,8.633770579418838,6.561166983897975,118.53324183272211,2760.1476014760146,131.39223681138074,16,16.5,10.5,6.8,7,4.3,25,25,19,2089,8,566,20,0,0,20,0,87,7,78,12,0,6,398091.37944155245,1366,2089,,,225,586,,,56,87,,,1588,25,476,0,501,455,17,114,0,131,85,1,1,0,2.0,78,0,0,0,12,0,0,0,2089,2281,1663,618,426,2089,2064,659,1405,1430,586,100,182,,404,586,94,71,23,515,586,77,46,31,540,586,722,486,236,100,,,,87,,,,,84,58,26,174,44,17,,157,87,,0,,87,87,,1,,86,87,,2,,85,87,,2,,85,348,,5,,343,174,344,208,136,,87,65,24,41,63,586,447,223,224,363,87,147,70,77,17,586,,43,,543,87,97,35,62,52,586,514,220,294,366,609,328,184,144,425,7964,7707,345,354,643,540,686,577,1165,720,1186,56.77357587362374,930,44.518908568693156,0,307,14.69602680708473,18,0.861656294877932,529,25.323121110579223,19,3.3568904593639575,108,19.081272084805654,156,27.56183745583039,225,39.75265017667844,8,1.4134275618374559,32,5.6537102473498235,54,9.540636042402827,117,20.671378091872793,181,31.978798586572438,566,518,0,1,30,70,70,71,18,46,22,53,54,11,87,87,0,87,0,17,0,1,4,12,0,17,99.99999999999999,16,94.11764705882352,17,99.99999999999999,17,99.99999999999999,0,0,403,433,77,76,14.96,20,,,20,0,0,0,0,7,0,0,0,0.0,100,10,10,0,90,20,20,22,,,28,,0,,28,14,18,12,6,2,7,3,3,0,4,20,8,7,1,13,7,10,9,1,,20,1,0,1,20,7,4,2,2,5,20,5,5,0,15,49,45,42,3,7,1,0,-,65.67,-,1,1,,,D & N Haveli,2774.6478873239435,,,Sikkim,13413.793103448275,,,Meghalaya,91750.0,3143.6093824796553,11206.484641638226,75482.75862068965,26.52090952608904,94.54296928327645,636.8066666666666,2.904904682230815,5.4846926862733785,14.234475860751004,9.90426041168023,35.30716723549488,237.816091954023,3.5648464163822524,6.735632183908046,659,46,14.326086956521738,9965.098634294385,1845,71,25.985915492957748,3559.349593495935,0,0,434,1430,393,0,1,8,452,105,361,146,162,20,0,8.0,0,20,71,,,22,,,,16,0,0,0.0,0.0,0,0.0,0.0,0.0,0,0,0,0,0,0,0,0,0,15,20,20,0,0,,20,0,0,0,0,0,0,0,104,47,0,0,8,132,104,28,19,47,,4,8,,101,0,3,0,3,47,2,5,0,7,8,0,0,0,0,104,104,65,39,39,47,15,5,10,42,104,104,38,66,66,0,0,0,0,0,47,0,0,0,47,47,0,0,0,47,47,67,46,21,1,0,0,0,8,0,0,0,8,6,2,4,8,5,0,5,8,8,0,0,0,8,8,0,0,0,8,8,0,0,0,8,8,0,0,0,8,32,0,0,0,32,16,27,25,2,,8,6,5,1,3,47,45,15,30,32,8,11,7,4,1,47,34,5,29,42,8,9,6,3,2,47,28,12,16,35,56,31,18,13,38
10,Jammu & Kashmir,,220990.1,1245.9,222236,99.43937975845498,22,6551,9108060,3433242,12541302,72.62451697598861,9530000,4001000,13531000,70.43086246397162,23.6,56.43236019366799,4.632600136582324,16.537080695156355,7.891509190991494,43.124103749443975,3211.333172806806,60.885725085044726,15.7,17.4,11.9,5,5.2,4.4,24,25,23,2900,0,526,34,125,0,96,15,84,0,0,23,11,3,1472005.947479485,2102,3025,,,342,622,,,85,84,1,1.1764705882352942,956,2069,0,49,2020,506,116,0,49,67,84,0,0,25,,0,,,,23,0,0,4,3025,4795,4397,398,,3025,938,829,109,2196,622,662,511,151,111,622,176,98,78,524,622,62,54,8,568,622,1542,919,623,,545,480,65,84,22,12,10,72,387,295,92,168,0,0,0,168,84,89,55,34,29,84,87,64,23,20,84,107,72,35,12,84,61,51,10,33,336,344,242,102,94,168,751,621,130,,84,305,226,79,,622,930,1022,,,84,318,213,105,,622,591,541,50,81,84,347,360,,,622,845,648,197,,588,999,865,134,,13116,12222,1016,939,,,1670,1544,,,227,7.827586206896552,39,1.3448275862068966,0,1604,55.310344827586206,1170,40.3448275862069,639,22.03448275862069,201,38.212927756654,305,57.98479087452472,7,1.3307984790874525,414,78.70722433460077,98,18.631178707224336,125,23.764258555133082,103,19.581749049429657,60,11.406844106463879,400,76.04562737642586,378,526,0,33,59,84,65,84,76,67,56,83,45,25,84,84,0,84,38,102,0,76,0,23,3,77,75.49019607843137,89,87.25490196078431,102,100,53,51.96078431372549,1603,1633,505,498,59,62,80.02,49,31.019999999999996,38.76530867283179,25,24,0,0,24,0,0,0,0,0.0,245,256,143,113,102,49,100,101,,,0,0,0,0,0,0,0,0,0,0,0,0,0,0,0,49,127,97,30,,0,0,0,0,0,49,56,46,10,3,0,0,0,0,0,49,111,95,16,,0,0,0,0,0,15,0,-,6.3533333333333335,-,2,0,,,Arunachal Pradesh,2942.8571428571427,,,Jammu & Kashmir,15321.543408360129,,,Manipur,92695.65217391304,3150.413223140496,15321.543408360129,113452.38095238095,73.0545785123967,355.2895498392283,2630.834523809524,4.8212693989841275,10.632340990997484,28.932399003905847,2.1656198347107436,10.532154340836012,77.98809523809524,4.863344051446945,7.404761904761905,829,54,15.351851851851851,11495.778045838359,4908,98,50.08163265306123,1941.7277913610433,499,9,160,1508,127,59,85,140,120,122,260,57,246,96,213,86.0,125,96,106,17.0,12.0,135,83.0,107.0,103.0,96,15,23,0.0,0.0,17,3.0,17.0,10.0,22,50,63,0,125,41,71,99,125,16,12,38,0,30,51,70,0,0,11,0,2,1,12,304,42,3,6,11,490,307,183,73,48,25,18,11,7,129,178,0,17,161,48,2,0,0,2,11,0,0,1,,307,649,591,58,,48,67,99,,,307,149,130,19,177,3,3,0,3,3,48,14,13,1,35,48,12,11,1,37,48,76,75,1,,63,61,2,11,0,0,0,11,42,16,26,11,,1,,10,11,11,3,8,8,11,11,6,5,5,11,10,2,8,9,11,10,4,6,7,44,42,15,27,29,22,49,43,6,,11,38,42,,,48,71,68,3,,11,32,26,6,,48,64,64,0,,11,58,38,20,,48,81,35,46,13,77,84,76,8,1
11,Jharkhand,40795.16,77467.12,2248.88,79714,97.18132323054921,24,32394,25055073,7933061,32988134,75.95177405305799,27982000,9599000,37581000,74.4578377371544,22.4,413.83112125849914,11.681973546834207,20.99995197314126,13.92278205247984,361.2113113279544,4268.346910462096,471.44792633665355,22.9,24.5,18.4,5.5,5.8,4.7,29,31,21,3644,0,203,7,204,0,95,50,171,6,13,23,92,3,8787305.201625235,6768,3848,2920,43.14420803782505,1079,298,781,72.38183503243745,269,171,98,36.43122676579926,2277,698,873,1470,101,255,17,26,237,,171,0,0,163,,13,0,0,5,23,0,0,1,3848,8349,5693,2656,,3848,2307,1614,693,2234,298,668,632,36,,298,298,19,279,279,298,409,73,336,225,298,667,336,331,,392,155,237,171,824,527,297,,0,0,0,342,0,0,0,342,171,171,19,152,152,171,171,29,142,142,171,171,2,169,169,171,187,16,171,155,684,700,66,634,618,342,849,646,203,,171,171,59,112,112,298,298,54,244,244,171,90,187,,,298,298,81,217,217,171,342,183,159,,298,409,61,348,237,1197,2390,1129,1261,68,41540,39964,984,671,265,77,1132,1122,465,102,1183,32.46432491767289,927,25.4390779363337,0,2048,56.2019758507135,2393,65.66959385290889,969,26.59165751920966,156,76.84729064039409,156,76.84729064039408,85,41.871921182266014,160,78.81773399014779,112,55.17241379310345,133,65.51724137931035,30,14.77832512315271,77,37.931034482758626,96,47.290640394088676,203,203,0,11,171,171,165,171,39,171,96,65,84,51,171,171,0,171,79,76,0,39,11,23,3,76,100,76,100,76,100,64,84.21052631578948,1671,1724,235,213,171,171,191.98,57,134.98,70.30940722991978,21,36,0,0,36,6,0,0,0,0.0,285,311,202,109,83,57,45,39,6,18,24,6,2,4,22,12,0,0,0,12,6,0,0,0,6,57,128,57,71,0,6,12,3,9,3,57,56,35,21,22,6,12,3,9,3,57,160,89,71,,42,24,4,20,38,9,1,9,31.09111111111111,279.82,1,0,,,Nagaland,2958.4295612009237,,,Karnataka,17787.023977433004,,,Tamil Nadu,94410.38961038961,7271.829521829522,93899.3288590604,163637.4269005848,20.13178794178794,259.9567785234899,453.02409356725144,2.5309225374493174,9.09469738030311,12.005999740604619,8.41839916839917,108.70469798657719,189.43859649122808,12.912751677852349,1.7426900584795322,1614,73,22.10958904109589,17337.05080545229,6325,19,332.89473684210526,4424.03162055336,134,0,60,1478,86,0,14,42,140,7,100,116,55,95,328,110.0,184,95,188,0.0,40.0,80,91.0,0.0,0.0,8,50,34,0.0,0.0,19,0.0,28.0,34.0,44,178,204,37,204,151,135,204,204,0,95,95,23,95,95,55,13,32,15,0,12,0,0,2522,103,143,89,98,2929,2665,264,439,192,247,109,98,11,1687,322,656,654,324,192,21,34,101,,98,0,0,87,,2665,5530,4128,1402,,192,160,245,,,2665,1821,747,1074,1918,143,590,110,480,33,192,160,17,143,175,192,160,17,143,175,192,382,240,142,,87,70,17,98,185,141,44,,0,0,0,98,0,0,0,98,98,0,0,0,98,98,15,15,0,83,98,98,5,93,93,98,98,10,88,88,392,211,30,181,362,196,471,172,299,24,98,104,60,44,38,192,160,10,150,182,98,104,73,31,25,192,160,37,123,155,98,104,91,13,7,192,160,21,139,171,686,435,380,55,306
12,Karnataka,20662,186037,5754,191791,96.999859221757,30,29340,37469335,23625962,61095297,61.329327853173375,37833000,28140000,65973000,57.34618707653131,15.6,318.5514283777654,0.9705669983200929,19.106261154572245,7.983761827035557,203.3627719217145,4890.510948905109,343.9838157160659,17.6,18.5,16.2,6.7,7.9,4.9,24,27,19,9187,251,1995,364,571,0,132,71,198,9,146,15,22,16,3463079.4195573526,8028,9758,,,1318,2127,,,329,198,131,39.817629179331306,7908,1243,607,132,1718,2054,32,41,132,,198,0,0,12,,146,0,0,15,15,0,0,2,9758,8087,8077,10,1681,9758,5888,3401,2487,6357,2127,156,385,,1742,2127,1506,976,530,1151,2127,6270,3735,2535,,2127,2127,2111,16,16,0,0,0,198,84,84,0,114,0,0,0,396,0,0,0,396,198,198,120,78,78,198,198,158,40,40,198,198,101,97,97,198,198,86,112,112,792,792,465,327,327,396,255,218,37,178,198,198,167,31,31,2127,2109,1714,395,413,198,306,259,47,,2127,1579,1289,290,838,198,198,180,18,18,2127,1569,2464,,,1386,1203,1047,156,339,42524,41222,2088,1562,2398,1676,6762,5252,7477,5436,5214,56.754109067160115,4481,48.77544356155437,0,282,3.0695548057037114,212,2.307608577337542,127,1.3823881571786218,919,46.065162907268174,1663,83.35839598997494,1238,62.05513784461153,1995,100,28,1.4035087719298247,67,3.3583959899749374,151,7.568922305764412,1981,99.2982456140351,1830,91.72932330827068,722,1995,0,33,195,198,192,198,162,194,198,160,147,80,184,198,0,198,98,231,0,46,147,38,0,231,100,231,100,231,100,151,65.36796536796537,2939,2939,2004,2004,185,185,562.8,435,127.79999999999995,22.707889125799568,319,116,0,0,116,9,0,0,0,0.0,2175,2247,2177,70,,435,381,381,0,54,36,20,20,0,16,18,0,0,0,18,9,0,0,0,9,435,435,435,0,0,9,9,9,0,0,435,364,364,0,71,9,3,3,0,6,435,870,870,0,,63,63,63,0,0,20,4,5,18.9165,94.5825,4,1,3000-5000,11.0,Himachal Pradesh,3143.6093824796553,,,Goa,18125.0,,,Odisha,94896.55172413793,3877.1264603402337,17787.023977433004,191075.75757575757,19.06507481041197,87.46450399623883,939.5808080808081,2.4629576055931746,5.275378176765546,17.290388365907038,3.006763681082189,13.79407616361072,148.1818181818182,4.587682181476258,10.742424242424242,3401,3735,0.9105756358768406,11124.081152602175,8462,976,8.670081967213115,4470.928858425904,1051,84,716,2461,704,0,14,169,1609,203,494,519,448,132,0,0.0,571,132,385,80.0,334.0,132,0.0,80.0,60.0,264,71,357,0.0,0.0,71,0.0,71.0,71.0,142,400,400,0,571,400,571,0,571,132,132,132,0,67,100,132,71,71,71,0,71,71,71,321,64,0,0,7,1154,321,833,173,64,109,43,7,36,245,76,0,0,76,64,2,0,7,,7,0,0,0,0,321,321,242,79,79,64,0,0,0,64,321,115,69,46,252,0,0,0,0,0,64,115,69,46,,64,115,69,46,,64,64,38,26,26,0,2,,7,0,0,0,7,0,0,0,7,0,0,0,7,7,7,1,6,6,7,13,5,8,2,7,11,0,11,7,7,13,3,10,4,28,44,9,35,19,14,7,5,2,9,7,7,5,2,2,64,64,30,34,34,7,14,5,9,2,64,64,41,23,23,7,10,9,1,,64,56,45,11,19,49,88,48,40,1
13,Kerala,,35611.14,3251.86,38863,91.63250392404086,14,1018,17471135,15934926,33406061,52.299296825207854,11511000,23675000,35186000,32.714716080259194,4.9,859.8286059919695,-34.11418319416569,48.57301502372838,5.328191791303979,323.24154744835465,7280.44872780501,905.3855852610452,14.3,14.3,14.4,7.6,7.3,7.8,10,10,10,5380,0,678,83,0,0,170,0,227,2,84,18,38,8,285346.20172072394,2340,5380,,,388,848,,,97,227,,,4260,320,800,0,1120,779,59,10,0,69,227,0,0,0,0.0,84,0,0,0,18,0,0,0,5380,4962,4977,,403,5380,3401,3401,0,1979,848,2527,2527,0,,848,13,22,,826,848,2023,2023,0,,848,1460,1531,,,0,193,,227,0,0,0,227,0,0,0,454,0,0,0,454,227,,1,,226,227,12,18,,209,227,2,2,0,225,227,11,14,,213,908,25,35,,873,454,759,989,,,227,0,0,0,227,848,989,1070,,,227,199,229,,,848,277,356,,492,227,14,16,,211,848,1097,1259,,,1589,1036,1168,,421,1300,26526,87,502,488,624,218,1102,1074,1377,2531,47.044609665427515,1777,33.02973977695167,0,607,11.282527881040894,108,2.0074349442379185,230,4.275092936802975,170,25.073746312684364,62,9.144542772861357,60,8.849557522123893,251,37.02064896755162,0,0,0,0,58,8.55457227138643,678,100,678,100,54,678,0,7,227,227,106,82,8,8,89,29,0,0,190,227,7,227,0,13,0,1,10,2,0,13,100,13,100,13,100,13,100,0,4724,826,826,193,193,473.5,83,390.5,82.47096092925025,83,0,0,0,0,2,0,0,0,0.0,415,1686,1749,,,83,25,78,,5,8,5,5,0,3,4,22,30,,,2,0,0,0,2,83,73,126,,,2,18,18,0,,83,39,92,,,2,2,2,0,0,83,238,344,,,14,123,202,,,9,2,4.5,12.79,57.555,2,2,,,Jammu & Kashmir,3150.413223140496,,,Puducherry,19125.0,,,D & N Haveli,98500.0,2139.5910780669146,13574.292452830188,50709.251101321584,6.619171003717472,41.994268867924525,156.87726872246697,1.451240801803476,3.6553813510511253,7.065089850349549,0.18921933085501857,1.2004716981132075,4.484581497797357,6.34433962264151,3.73568281938326,3401,2023,1.681166584280771,3384.5927668332843,7504,22,341.09090909090907,1533.9818763326225,0,0,0,0,0,1,110,47,520,0,322,0,460,170,0,0.0,0,170,859,0.0,0.0,532,0.0,193.0,170.0,410,0,0,0.0,0.0,0,0.0,0.0,0.0,0,0,0,0,0,0,0,0,0,0,170,170,0,0,170,170,0,0,0,0,0,0,0,831,137,0,0,12,95,831,,14,137,,3,12,,617,93,121,0,214,137,0,0,0,0,12,0,0,0,0,831,840,840,0,,137,176,186,,,831,438,438,0,393,0,0,0,0,0,137,123,123,0,14,137,123,123,0,14,137,230,232,,,,4,,12,,15,,,,2,,12,60,101,,,12,,0,,12,12,6,6,0,6,12,1,1,0,11,12,1,2,,10,48,8,9,,39,24,16,32,,,12,,1,,11,137,14,15,,122,12,13,14,,,137,0,0,0,137,12,2,4,,8,137,179,185,,,84,67,93,,
14,Madhya Pradesh,93000,301283.24,6961.76,308245,97.74148485782413,51,54903,52557404,20069405,72626809,72.36639572034619,58995000,23618000,82613000,71.41127909651024,20.3,235.60855728429985,12.248694779521454,17.681615374247517,13.750006557495869,195.81241890521358,3392.5329227091997,268.0108355366673,25.1,27.1,19.5,7.1,7.6,5.7,47,50,33,10226,0,1039,107,0,0,160,29,309,21,84,51,150,10,16025604.720316855,13935,10226,3709,26.61643344097596,2233,1199,1034,46.30541871921183,558,309,249,44.623655913978496,7505,1157,1564,499,2222,1164,7,28,255,,309,0,0,24,,84,0,0,13,51,0,0,0,10226,11886,10612,1274,,10226,4260,3969,291,6257,1199,2664,1212,1452,,1199,2678,786,1892,413,1199,2124,991,1133,208,1199,2024,1053,971,146,327,578,,309,309,114,195,195,0,0,0,618,48,8,40,610,309,309,27,282,282,309,309,30,279,279,309,309,25,284,284,309,309,22,287,287,1236,1236,104,1132,1132,618,2373,588,1785,30,309,312,214,98,95,1199,1046,922,124,277,309,734,461,273,,1199,358,442,,757,309,618,579,39,,1199,1705,614,1091,585,2163,3953,2202,1751,,63839,60954,3540,1676,3149,515,14404,8611,7451,1367,8367,81.82084881674163,4748,46.43066692743986,0,3019,29.52278505769607,3790,37.062389986309405,392,3.8333659299823974,751,72.28103946102021,982,94.51395572666024,435,41.86717998075072,1039,100,0,0,133,12.800769971126082,91,8.75842155919153,1039,100,776,74.68719923002887,1039,1039,0,1,211,309,309,309,155,309,309,217,219,152,309,309,0,309,309,148,0,48,49,51,0,148,100,148,100,148,100,148,100,5876,5321,877,916,302,286,472.36,136,336.36,71.20840037259717,45,120,0,0,91,21,0,0,2,,680,67,321,,359,136,191,118,73,18,84,84,25,59,59,42,126,41,85,1,21,25,20,5,1,136,136,53,83,83,21,21,20,1,1,136,136,39,97,97,21,42,29,13,,136,67,137,,,147,189,136,53,11,29,2,14.5,20.343103448275862,294.975,3,6,,,Karnataka,3877.1264603402337,20000-30000,10.0,Meghalaya,21771.186440677968,1 - 2 lakhs,14.0,Gujarat,100096.68508287292,5769.117934676316,49203.50291909925,190922.33009708737,29.46247212986505,251.27876563803167,975.0266666666666,3.0617679452257,8.941606931709305,17.613510654487868,5.368961470760806,45.790658882402,177.67961165048544,8.528773978315263,3.8802588996763756,3969,991,4.005045408678103,14863.945578231293,11824,786,15.04325699745547,4989.428281461434,513,50,737,8064,0,19,57,238,461,264,617,397,127,160,0,0.0,0,160,604,252.0,0.0,496,170.0,528.0,184.0,304,29,14,3.0,0.0,7,3.0,7.0,5.0,3,0,0,0,0,0,0,0,0,64,122,122,54,68,125,144,11,24,22,8,4,14,21,3274,306,0,32,99,5341,3274,2067,801,338,463,200,99,101,2614,207,453,0,660,338,2,3,71,,99,0,0,0,0,3274,4180,3305,875,,338,332,380,,,3274,2551,773,1778,2501,0,0,0,0,0,338,521,76,445,262,338,332,0,332,338,338,364,289,75,49,290,63,227,99,57,33,24,66,189,0,189,99,2,2,0,97,99,105,12,93,87,99,105,17,88,82,99,105,10,95,89,99,420,3,417,96,396,735,42,693,354,198,230,194,36,4,99,87,61,26,38,338,332,243,89,95,99,137,122,15,,338,332,101,231,237,99,101,181,,,338,332,165,167,173,693,707,636,71,57
15,Maharashtra,50757,247862.45,9093.55,307713,80.54987927061904,35,43663,61556074,50818259,112374333,54.77769910322849,64293000,58240000,122533000,52.46994687145504,16,365.1920230864474,4.446232227220989,14.604477103397029,9.040024290956191,259.38983496693425,6404.539481280688,398.20547068209663,15.9,16.3,15.5,5.9,6.9,4.6,19,24,13,9729,0,1349,538,939,0,479,0,364,37,91,23,40,17,9406508.097982338,14112,10668,3444,24.404761904761905,2299,1828,471,20.48716833405829,574,364,210,36.58536585365854,9863,347,458,77,728,1796,10,22,38,,364,0,0,0,0.0,91,0,0,0,23,0,0,0,10668,18358,17800,558,,10668,9010,5372,3638,5296,1828,5035,3953,1082,,1828,2203,2143,60,,1828,2341,2494,,,1828,3189,2951,238,,363,397,,364,323,165,158,199,0,42,,728,0,0,0,728,364,202,29,173,335,364,244,211,33,153,364,153,45,108,319,364,224,200,24,164,1456,823,485,338,971,728,512,486,26,242,364,140,107,33,257,1828,1668,1507,161,321,364,330,318,12,46,1828,1526,1084,442,744,364,336,352,,12,1828,833,682,151,1146,2548,2124,2016,108,532,61260,60794,1292,875,1362,1348,4721,4036,2529,1860,8537,87.74796998663788,8501,87.37794223455647,0,2652,27.258711069996913,2664,27.382053654024052,3090,31.760715386987357,553,40.993328391401036,674,49.96293550778355,650,48.183839881393624,670,49.666419570051886,13,0.9636767976278725,33,2.446256486286138,69,5.114899925871016,637,47.220163083765755,660,48.925129725722755,685,685,302,49,128,360,308,360,184,360,360,317,267,245,364,364,178,364,364,250,37,91,82,29,11,212,84.8,223,89.2,216,86.4,211,84.4,4723,7557,1019,968,311,320,1164.8,538,626.8,53.81181318681318,526,12,0,93,,37,0,0,0,0.0,2690,1361,1092,269,1598,538,390,171,219,367,148,481,341,140,,74,173,141,32,,37,59,51,8,,538,307,240,67,298,37,156,166,,,538,261,181,80,357,37,69,110,,,538,875,884,,,259,2532,2184,348,,31,5,6.2,20.739677419354837,128.58599999999998,7,6,,,Gujarat,3953.1965961160813,,,D & N Haveli,21888.88888888889,,,Rajasthan,100443.0823117338,6026.715410573678,35171.22538293216,176629.1208791209,23.234200412448445,135.5921498905908,680.9407967032968,2.7189520281228936,6.568329832108754,14.719476239636748,4.092894638170229,23.88566739606127,119.9532967032967,5.835886214442013,5.021978021978022,5372,2494,2.1539695268644747,11968.168279970216,21753,2143,10.150723285114326,2955.592332092125,905,31,682,2387,1328,1,129,923,283,13,277,136,380,479,1379,802.0,760,479,1318,353.0,283.0,474,63.0,240.0,176.0,168,0,0,0.0,0.0,0,0.0,0.0,0.0,509,261,513,277,757,612,737,547,1110,474,121,368,136,214,374,443,0,0,0,0,0,0,0,2162,341,420,126,67,3135,2582,553,470,467,3,117,67,50,2531,0,51,0,51,467,20,41,11,50,67,0,0,0,0,2582,4208,7134,,,467,842,720,122,,2582,2370,2050,320,532,420,475,288,187,132,467,1194,1104,90,,467,1032,954,78,,467,740,666,74,,358,303,55,67,170,160,10,,0,0,0,67,0,0,0,67,67,16,21,,46,67,25,32,,35,67,16,18,,49,67,22,47,,20,268,79,118,,150,134,128,118,10,16,67,21,8,13,59,467,617,612,5,,67,63,75,,,467,209,176,33,291,67,14,12,2,55,467,475,290,185,177,469,373,306,67,163
16,Manipur,,22147.5,179.5,22327,99.19604066824921,16,2588,2021640,834154,2855794,70.79082034628547,2132000,979000,3111000,68.53101896496302,31.8,127.90764545169526,5.458934330543519,17.364419519657044,8.936428888078062,96.26368664634835,5454.038997214485,139.33802122990102,12.9,13.2,12.4,4.5,4.4,4.8,11,12,10,429,0,85,9,61,0,5,0,23,0,1,8,9,2,834313.0488118557,537,490,47,8.752327746741154,84,90,,,21,23,,,459,31,0,18,13,90,0,0,0,0,23,0,0,0,0.0,1,0,0,0,8,0,0,0,490,964,868,96,,490,530,428,102,62,90,223,176,47,,90,75,64,11,26,90,0,0,0,90,90,238,208,30,,73,117,,23,16,35,,,,58,,46,0,0,0,46,23,0,0,0,23,23,1,0,1,23,23,1,1,0,22,23,2,2,0,21,92,4,3,1,89,46,97,93,4,,23,51,56,,,90,94,105,,,23,51,56,,,90,73,51,22,39,23,29,24,5,,90,255,208,47,,161,229,222,7,,4009,4009,271,230,17,10,717,273,47,36,1,0.2331002331002331,0,0,0,340,79.25407925407926,189,44.05594405594405,112,26.107226107226108,69,81.17647058823529,57,67.05882352941175,12,14.117647058823529,83,97.64705882352942,7,8.23529411764706,35,41.1764705882353,6,7.0588235294117645,23,27.058823529411764,45,52.94117647058824,66,81,0,0,20,20,7,23,3,23,3,21,20,0,23,23,0,23,23,11,0,0,1,8,2,8,72.72727272727273,8,72.72727272727273,8,72.72727272727273,5,45.45454545454545,161,108,29,19,4,0,19.58,9,10.579999999999998,54.03472931562819,9,0,0,0,0,0,0,0,0,0.0,45,,13,,32,9,,18,,,0,0,0,0,0,0,0,0,0,0,0,0,0,0,0,9,,4,,5,0,0,0,0,0,9,,4,,5,0,0,0,0,0,9,,12,,,0,0,0,0,0,3,0,-,7.1066666666666665,-,1,0,,,Uttarakhand,3985.9231185706553,,,Manipur,23688.88888888889,,,Uttarakhand,109880.59701492537,4351.0204081632655,23688.88888888889,92695.65217391304,45.19897959183673,246.08333333333334,962.9347826086956,3.792293963617998,8.848685915108662,17.503952122904945,5.281632653061225,28.755555555555556,112.52173913043478,5.444444444444445,3.9130434782608696,428,0,,4981.308411214954,1044,64,16.3125,2042.1455938697318,82,5,10,43,6,43,16,15,11,0,42,19,60,5,118,54.0,61,5,3,0.0,0.0,14,5.0,5.0,5.0,17,0,0,0.0,0.0,0,0.0,0.0,0.0,0,61,61,61,61,18,11,27,61,5,5,5,5,5,5,5,0,0,0,0,0,0,0,234,53,18,2,7,278,252,26,41,55,,10,7,3,205,47,0,21,,55,0,0,0,0,7,0,0,0,0,252,666,601,65,,55,116,70,46,,252,,232,,20,18,18,18,0,0,55,,21,,34,55,37,21,16,34,55,,77,,,,59,,7,5,8,,,,20,,7,,8,,,7,0,0,0,7,7,0,0,0,7,7,0,0,0,7,7,0,0,0,7,28,0,0,0,28,14,29,25,4,,7,,1,,6,55,45,30,15,25,7,,10,,,55,,2,,53,7,,5,,2,55,73,85,,,49,,55,,
17,Meghalaya,,22146.11,282.89,22429,98.73873110704892,11,6839,2371439,595450,2966889,79.93015579618921,2569000,663000,3232000,79.48638613861387,27.9,132.27914753221276,8.330848906507821,11.344361407338987,8.935656170486999,116.00231372462251,2343.667149775531,144.09915734094253,23.7,25.9,14,6.6,7,5,39,40,26,445,0,110,0,32,0,8,0,28,0,0,11,4,1,2314912.160506764,822,477,345,41.97080291970803,124,118,6,4.838709677419355,31,28,3,9.67741935483871,468,2,7,0,9,118,0,0,0,0,28,0,0,0,0.0,0,0,0,0,11,0,0,0,477,,804,,,477,,200,,277,118,,369,,,118,,107,,11,118,,97,,21,118,,149,,,,69,,28,,23,,5,,15,,56,,29,,27,28,0,0,0,28,28,,2,,26,28,,2,,26,28,,0,,28,112,,4,,108,56,,86,,,28,,18,,10,118,,125,,,28,,46,,,118,,130,,,28,,44,,,118,,373,,,196,,378,,,,6729,266,309,,,630,1405,,,228,51.235955056179776,171,38.42696629213483,0,281,63.146067415730336,157,35.28089887640449,146,32.80898876404494,69,62.72727272727272,95,86.36363636363636,6,5.454545454545454,75,68.18181818181817,3,2.727272727272727,23,20.909090909090907,13,11.818181818181817,12,10.909090909090908,107,97.27272727272727,93,108,13,0,28,28,2,28,4,26,27,12,5,4,25,28,4,28,20,8,0,0,0,8,0,8,100,8,100,8,100,5,62.5,16,227,100,99,28,25,13.26,0,13.26,100,0,0,0,0,0,0,0,0,0,0.0,0,0,0,0,0,0,0,0,0,0,0,0,0,0,0,0,0,0,0,0,0,0,0,0,0,0,0,0,0,0,0,0,0,0,0,0,0,0,0,0,0,0,0,0,0,0,0,0,0,0,0,0,0,0,0,2,0,-,12.845,-,1,0,,,Chhattisgarh,4104.899135446686,,,Rajasthan,24027.230833682446,,,Jammu & Kashmir,113452.38095238095,5385.744234800839,21771.186440677968,91750,46.4279035639413,187.67889830508474,790.9325,3.8435029296651977,7.727613674160505,15.863806003260722,14.337526205450734,57.95762711864407,244.25,4.0423728813559325,4.214285714285714,200,97,2.0618556701030926,12845,1173,107,10.962616822429906,2190.1108269394713,70,0,1,267,0,0,12,51,46,1,3,2,51,8,47,9.0,22,8,47,4.0,9.0,12,6.0,8.0,10.0,31,0,0,0.0,0.0,0,0.0,0.0,0.0,0,6,10,4,25,10,1,4,24,5,5,8,4,2,0,8,0,0,0,0,0,0,0,445,110,32,8,28,771,477,294,115,118,,28,28,0,468,2,7,1,8,118,0,0,0,0,28,0,0,0,0,477,,817,,,118,,356,,,477,,209,,268,32,,22,,10,118,,101,,17,118,86,97,,21,118,,149,,,,69,,28,,23,,5,,15,,28,,29,,,28,0,0,0,28,28,3,2,1,26,28,0,2,,26,28,0,0,0,28,112,3,4,,108,56,,86,,,28,19,18,1,10,118,,125,,,28,,46,,,118,,130,,,28,,44,,,118,,373,,,196,,378,,
18,Mizoram,21081,21081,0,21081,100,9,830,525435,571771,1097206,47.88845485715535,547000,648000,1195000,45.77405857740586,23.5,52.04715146340306,4.104218409508312,13.332085747615741,8.913002663127982,25.94753569565011,,56.68611545941843,15.5,18.2,12.6,4.2,4.4,4.1,27,35,14,370,0,57,8,0,0,2,2,9,0,2,9,9,1,528294.5540361796,179,370,,,27,59,,,6,9,,,370,0,0,0,0,59,0,0,0,0,9,0,0,0,0.0,2,0,0,0,9,0,0,0,370,,673,,,370,,362,,8,59,,26,,33,59,,19,,40,59,,22,,37,59,,60,,,,20,,9,,6,,3,,1,,18,,1,,17,9,,0,,9,9,,0,,9,9,,0,,9,9,,0,,9,36,,0,,36,18,,15,,3,9,,5,,4,59,,48,,11,9,,8,,1,59,,68,,,9,,18,,,59,,154,,,63,,51,,12,1091,1091,,201,,31,,850,,,350,94.5945945945946,350,94.5945945945946,0,230,62.16216216216216,0,0,49,13.243243243243242,41,71.92982456140352,57,100,57,100.00000000000001,57,100.00000000000001,2,3.5087719298245617,7,12.280701754385966,1,1.7543859649122808,30,52.631578947368425,57,100.00000000000001,57,57,0,0,9,9,9,9,6,9,9,7,0,1,9,9,0,9,7,10,0,0,0,9,1,9,90,9,90,9,90,9,90,103,171,2,2,9,7,12.96,10,2.960000000000001,22.83950617283951,10,0,0,0,0,0,0,0,0,0.0,50,,16,,34,10,,10,,0,0,0,0,0,0,0,0,0,0,0,0,0,0,0,0,10,,10,,0,0,0,0,0,0,10,,10,,0,0,0,0,0,0,10,,30,,,0,0,0,0,0,1,0,-,5.47,-,0,1,,,Tamil Nadu,4171.697463560197,,,Tripura,24027.777777777777,,,Chhattisgarh,125682.35294117648,1478.3783783783783,9271.186440677966,60777.77777777778,56.975675675675674,357.3050847457627,2342.3333333333335,4.257772196656847,10.662456635785931,27.29996114993351,2.2432432432432434,14.067796610169491,92.22222222222223,6.271186440677966,6.555555555555555,362,22,16.454545454545453,1511.0497237569061,699,19,36.78947368421053,782.5464949928469,4,0,0,68,0,0,0,7,47,3,0,20,20,2,0,0.0,0,2,4,0.0,0.0,2,0.0,3.0,5.0,9,2,4,0.0,0.0,2,0.0,2.0,3.0,6,0,0,0,0,0,0,0,0,0,0,0,0,2,2,2,0,0,2,2,2,0,2,370,65,0,4,9,176,370,,26,69,,6,9,,370,0,0,0,0,69,0,0,0,0,9,0,0,0,0,370,405,673,,,69,,30,,39,370,382,362,20,8,0,,0,,0,69,86,22,64,47,69,86,22,64,47,69,,62,,7,,20,,9,,6,,3,0,2,,9,,2,,7,9,0,0,0,9,9,0,0,0,9,9,0,0,0,9,9,0,0,0,9,36,0,0,0,36,18,,15,,3,9,,5,,4,69,,48,,21,9,,8,,1,69,,68,,1,9,,18,,,69,,154,,,63,,51,,12
19,Nagaland,,16335.52,243.48,16579,98.53139513842814,11,1428,1407536,570966,1978502,71.14149998332071,1281000,874000,2155000,59.443155452436194,-0.6,119.3378370227396,-8.9898943970172,53.073913332842935,8.920789567056287,78.41807300900125,3589.6172170198784,129.9837143374148,14,14.4,13.3,4.5,5.6,2.8,12,11,14,377,20,124,2,56,0,2,3,21,0,0,11,11,0,1189354.6438599082,414,433,,,62,126,,,15,21,,,316,1,116,59,58,118,0,8,1,7,21,0,0,0,0.0,0,0,0,0,11,0,0,0,433,760,804,,,433,,0,,433,126,202,204,,,126,0,0,0,126,126,0,0,0,126,126,131,133,,,9,8,1,21,21,21,0,0,,0,,42,21,21,0,21,21,,3,,18,21,,1,,20,21,,3,,18,21,,1,,20,84,,8,,76,42,35,33,2,9,21,3,3,0,18,126,93,94,,32,21,23,23,0,,126,73,74,,52,21,22,22,0,,126,,190,,,147,191,191,0,,1992,1992,83,176,,,475,452,,,58,15.384615384615385,22,5.835543766578249,37,210,55.702917771883286,114,30.23872679045093,100,26.52519893899204,35,28.225806451612904,98,79.03225806451613,6,4.838709677419355,79,63.70967741935484,14,11.290322580645162,64,51.612903225806456,23,18.548387096774192,11,8.870967741935484,40,32.25806451612903,53,124,6,0,11,21,18,21,5,16,3,3,3,2,20,21,2,18,9,16,0,5,0,11,0,11,68.75,14,87.5,15,93.75,8,50,25,43,31,41,15,16,17.48,5,12.48,71.39588100686498,5,0,0,0,0,0,0,0,0,0.0,25,,15,,10,5,,6,,,0,0,0,0,0,0,0,0,0,0,0,0,0,0,0,5,,5,,0,0,0,0,0,0,5,,2,,3,0,0,0,0,0,5,,10,,,0,0,0,0,0,1,0,-,12.81,-,0,0,,,Rajasthan,4244.59739490823,,,Gujarat,24549.457994579945,,,Tripura,144166.66666666666,2958.4295612009237,10166.666666666666,61000,37.72637413394919,129.64698412698414,777.8819047619048,3.464656738458728,6.422718515653099,15.732383124875863,3.2979214780600463,11.333333333333334,68,3.4365079365079363,6,0,0,,-,1008,0,,1270.8333333333333,9,0,3,377,3,0,0,15,97,12,79,39,29,2,102,0.0,0,2,2,0.0,0.0,2,0.0,1.0,1.0,6,3,9,0.0,0.0,4,0.0,3.0,3.0,6,0,0,0,0,6,0,1,6,0,2,2,0,0,0,0,1,0,1,0,0,1,0,397,126,56,5,21,396,453,,59,131,,14,21,,331,1,65,59,63,131,0,8,1,7,21,0,0,0,0,453,760,804,,,131,202,213,,,453,,,,,56,56,0,56,56,131,0,0,0,131,131,0,0,0,131,131,,139,,,,8,,21,21,21,0,0,0,0,0,21,21,21,0,0,21,,3,,18,21,,1,,20,21,,3,,18,21,,1,,20,84,,8,,76,42,35,33,2,9,21,3,3,0,18,131,93,99,,32,21,23,23,0,,131,73,79,,52,21,22,22,0,,131,184,200,,,147,191,191,0,
20,Odisha,4785.36,152355.34,3351.66,155707,97.84745708285433,30,51313,34970562,7003656,41974218,83.31438598808441,35776000,7956000,43732000,81.80737217598097,14,269.57181115813677,2.303188607606592,13.597812342582216,4.18776592812283,234.8194687498318,2373.749127298115,280.86084761764084,18.6,19.6,13.7,7.8,8.1,6.1,44,46,34,6595,0,461,5,93,0,827,82,377,7,33,32,177,5,9202138.055201972,8382,6688,1694,20.209973753280842,1345,1288,57,4.237918215613383,336,377,,,4797,1724,167,892,999,1288,0,0,0,0,377,0,0,0,0.0,33,0,0,0,32,0,0,0,6688,6688,8134,,,6688,5240,3254,1986,3434,1288,998,1053,,235,1288,0,0,0,1288,1288,0,22,,1266,1288,1346,813,533,475,0,993,,377,0,271,,106,12,15,,754,374,276,98,478,377,382,34,348,343,377,383,117,266,260,377,382,34,348,343,377,382,51,331,326,1508,1529,236,1293,1272,754,405,1079,,,377,127,66,61,311,1288,1240,1198,42,90,377,610,580,30,,1288,0,146,,1142,377,447,486,,,1288,292,475,,813,2639,1185,2093,,546,47147,46746,1243,1331,567,293,2354,3350,695,945,4600,69.74981046247157,2828,42.88097043214556,0,2014,30.538286580742987,3135,47.536012130401815,168,2.547384382107657,83,18.004338394793926,247,53.579175704989154,41,8.893709327548807,103,22.34273318872017,58,12.581344902386116,68,14.75054229934924,4,0.8676789587852494,151,32.75488069414317,461,100,461,461,0,18,307,367,328,368,22,377,46,68,349,294,377,377,0,312,377,78,0,20,21,32,5,55,70.51282051282051,78,100,75,96.15384615384615,78,100,2918,4693,498,331,360,331,159.12,87,72.12,45.32428355957768,87,0,0,0,0,7,0,0,0,0.0,435,122,200,,235,87,87,109,,,28,46,42,4,,14,24,33,,,7,1,1,0,6,87,82,82,0,5,7,11,13,,,87,42,0,42,87,7,10,15,,,87,75,123,,,49,27,43,,6,19,1,19,18.829473684210527,357.76,3,3,,,Telangana,4328.625632377741,,,Tamil Nadu,25561.181434599155,,,Haryana,150469.5652173913,5349.282296650717,27776.39751552795,94896.55172413793,22.78040370813397,118.28830745341615,404.1255702917772,2.6922686104417406,6.134915544257954,11.339550640532536,7.672398325358851,39.839285714285715,136.10875331564986,5.192546583850931,3.416445623342175,3254,22,147.9090909090909,10994.468346650277,9187,0,,3894.1983237182976,1499,9,320,3448,141,0,7,193,144,117,315,187,483,827,93,93.0,103,827,569,0.0,0.0,808,654.0,827.0,146.0,350,82,84,0.0,0.0,83,0.0,82.0,61.0,123,93,93,93,93,93,0,93,93,827,0,827,827,827,,827,82,0,82,82,82,82,82,2674,116,27,311,133,3067,2701,366,460,427,33,115,133,,2255,359,87,0,446,427,0,0,0,0,133,0,0,0,0,2701,2701,2793,,,427,650,503,147,,2701,1400,1238,162,1463,27,0,27,,0,427,0,0,0,427,427,0,0,0,427,427,444,307,137,120,427,403,24,133,0,93,,40,0,0,0,133,133,96,37,37,133,133,8,125,125,133,133,24,109,109,133,133,10,123,123,133,133,14,119,119,532,532,56,476,476,266,136,426,,,133,37,21,16,112,427,418,381,37,46,133,167,222,,,427,0,54,,373,133,186,177,9,,427,0,247,,,931,425,605,,326
21,Punjab,,48262,2097,50362,4.163853699217665,22,12581,17344192,10399146,27743338,62.51660128280165,17814000,12125000,29939000,59.5009853368516,13.9,550.8784003812398,2.7087338516547788,16.596112796185377,7.914195472801435,8494.992846924177,251.2328540052215,594.4759938048529,14.9,15.6,14.1,6,6.6,5.1,21,23,18,2511,0,79,16,439,0,337,0,89,63,41,22,33,3,0,3562,2950,612,17.181358787198203,593,416,177,29.84822934232715,148,89,59,39.86486486486486,1907,0,1043,0,1043,368,0,48,0,48,89,0,0,0,0.0,41,0,0,0,22,0,0,0,2950,4437,4297,140,,2950,2958,1356,1602,1594,416,81,233,,183,416,425,352,73,64,416,402,285,117,131,416,575,562,13,,100,152,,89,112,150,,,36,35,1,178,41,35,6,143,89,111,32,79,57,89,123,25,98,64,89,112,17,95,72,89,150,19,131,70,356,496,93,403,263,178,224,360,,,89,144,139,5,,416,523,463,60,,89,237,259,,,416,327,355,,61,89,234,196,38,,416,1111,883,228,,623,889,923,,,17158,16935,917,761,852,595,2299,2085,1794,1487,911,36.280366387893274,72,2.867383512544803,0,100,3.982477100756671,180,7.168458781362007,0,0,64,81.01265822784809,79,100,79,100,47,59.49367088607595,0,0,0,0,0,0,79,100,79,100,14,79,0,13,89,89,89,89,31,89,89,89,70,30,89,89,0,89,89,208,16,126,41,22,3,108,51.92307692307692,183,87.98076923076923,187,89.90384615384615,73,35.09615384615385,2291,2056,116,24,69,64,242.5,16,226.5,93.40206185567011,11,0,5,1,4,62,0,1,1,0.0,80,44,80,,0,16,18,45,,,252,120,29,91,223,126,58,55,3,71,63,22,16,6,47,16,16,22,,,63,65,67,,,16,16,11,5,5,63,39,66,,,16,45,44,1,,441,144,206,,235,6,0,-,29.689999999999998,-,1,1,,,Manipur,4351.0204081632655,,,Chhattisgarh,26977.272727272728,,,Jharkhand,163637.4269005848,6038.64406779661,42822.11538461538,200157.3033707865,16.36,116.01442307692308,542.2696629213483,2.2815465249375357,6.075662932547367,13.135461441957656,4.264745762711865,30.24278846153846,141.35955056179776,7.091346153846154,4.674157303370786,1356,285,4.757894736842105,13137.16814159292,4530,352,12.869318181818182,3932.4503311258277,201,3,200,730,121,0,4,30,41,4,128,25,177,337,792,565.0,337,337,215,223.0,185.0,395,115.0,329.0,246.0,481,0,0,0.0,0.0,0,0.0,0.0,0.0,0,248,131,39,145,202,150,140,439,130,175,177,15,188,177,328,0,0,0,0,0,0,0,,,,,,,,,,,,,,,,,,,,,,,,,,,,,,,,,,,,,,,,,,,,,,,,,,,,,,,,,,,,,,,,,,,,,,,,,,,,,,,,,,,,,,,,,,,,,,,,,,,,,,,,,,,,,,,,,,,,,,,,,,,,,,,,,,,,,,,,,,,,,,,,,
22,Rajasthan,19770.15,335606.04,6632.96,342239,98.06189242020926,34,44672,51500352,17048085,68548437,75.12987057604246,57353000,20248000,77601000,73.90755273772245,21.3,200.29405473952414,11.36428737419115,18.769938089820645,13.206082291854445,170.8938253912236,3052.6341181011194,226.74505243411767,24.3,25.2,21.1,6.1,6.4,5.2,41,45,30,13382,47,1777,320,130,0,305,57,571,24,20,27,58,14,9681034.479511905,12761,13512,,,2073,2082,,,518,571,,,10647,1206,1659,253,2612,1952,20,110,103,27,552,2,17,22,,20,0,0,0,27,0,0,0,13512,15313,12822,2491,690,13512,591,354,237,13158,2082,3124,2603,521,,2082,1840,1143,697,939,2082,181,99,82,1983,2082,2268,1932,336,150,902,597,305,571,289,230,59,341,6,1,5,1142,256,187,69,955,571,495,105,390,466,571,276,105,171,466,571,422,134,288,437,571,241,111,130,460,2284,1434,455,979,1829,1142,1767,1399,368,,571,692,343,349,228,2082,1514,738,776,1344,571,667,486,181,85,2082,2114,1407,707,675,571,667,486,181,85,2082,4805,3703,1102,,3997,6507,5186,1321,,55732,51311,1624,1210,605,439,5406,4153,1582,1160,7364,55.029143625765954,3991,29.8236437004932,0,5684,42.4749663727395,4707,35.17411448214019,1163,8.69077865789867,627,35.284186831738886,1702,95.77940348902645,235,13.224535734383792,1777,100,77,4.333145751266179,208,11.705120990433315,53,2.9825548677546427,873,49.12774338773213,1777,100,1038,1777,0,29,543,544,312,555,271,475,571,386,495,456,517,558,375,567,234,152,0,108,16,27,1,152,100,135,88.8157894736842,152,100,106,69.73684210526315,3997,7149,1713,1799,513,504,404.96,377,,,352,55,27,2,23,24,0,0,1,,1885,1122,756,366,1129,377,284,240,44,137,96,72,40,32,56,48,68,50,18,,24,35,23,12,1,377,229,125,104,252,24,25,22,3,2,377,183,91,92,286,24,25,22,3,2,377,499,320,179,57,168,330,269,61,,33,0,-,17.37969696969697,-,2,0,,,Andhra Pradesh,4622.831787010891,,,Odisha,27776.39751552795,,,Assam,165016.94915254237,4244.59739490823,27547.070124879923,100443.0823117338,24.837628774422733,161.19406340057637,587.7513835376532,2.8112064817033398,7.1616353001888235,13.675225915972637,3.306098283007697,21.456292026897213,78.23467600700525,6.489913544668588,3.6462346760070052,354,99,3.5757575757575757,162014.1242937853,15425,1143,13.495188101487313,3718.1847649918964,866,15,8547,13172,1641,19,103,589,905,161,370,1350,102,305,136,26.0,43,305,355,153.0,18.0,98,30.0,98.0,221.0,524,57,165,20.0,9.0,33,2.0,45.0,48.0,94,45,70,19,37,23,26,58,129,35,41,293,18,33,161,188,7,1,57,10,13,40,14,1564,211,10,22,67,3227,1574,1653,484,233,251,121,67,54,1382,72,120,22,170,233,0,15,14,1,67,0,0,0,0,1574,2187,1788,399,,233,462,369,93,,1574,94,33,61,1541,10,1,1,0,9,233,38,24,14,209,233,17,10,7,223,233,305,254,51,,82,47,35,67,25,16,9,51,1,0,1,67,25,11,14,56,67,45,8,37,59,67,34,9,25,58,67,39,7,32,60,67,27,6,21,61,268,145,30,115,238,134,216,156,60,,67,72,35,37,32,233,139,51,88,182,67,64,35,29,32,233,233,144,89,89,67,126,85,41,,233,175,82,93,151,469,730,588,142,
23,Sikkim,4520,5677,1419,7096,80.00281848928974,4,452,456999,153578,610577,74.8470708854084,389000,276000,665000,58.49624060150376,12.9,86.04523675310034,-14.879463631211449,79.7132401776296,8.91337210540194,68.52210674652105,194.5031712473573,93.71476888387824,16.6,15.5,18.5,4.7,5.5,3.4,16,18,13,148,0,24,1,28,0,5,0,2,0,0,4,4,0,142275.57171897532,96,176,,,15,29,,,3,2,1,33.333333333333336,175,1,0,1,0,29,0,0,0,0,2,0,0,0,0.0,0,0,0,0,4,0,0,0,176,,152,,24,176,,95,,81,29,,108,,,29,,17,,12,29,,13,,16,29,,41,,,,6,,2,,2,,0,,10,,4,,3,,1,2,,0,,2,2,,0,,2,2,,0,,2,2,,0,,2,8,,0,,8,4,,4,,0,2,,4,,,29,,13,,16,2,,2,,0,29,,29,,0,2,,6,,,29,,52,,,14,,21,,,676,676,,116,,,,469,,,112,75.67567567567568,54,36.486486486486484,144,15,10.135135135135135,1,0.6756756756756757,18,12.162162162162163,24,100,24,100,24,100,24,100,0,0,0,0,0,0,13,54.16666666666667,24,100,24,24,24,0,2,2,2,2,2,2,1,2,0,0,2,2,0,2,2,3,0,0,0,3,0,3,100,3,100,3,100,3,100,128,138,29,29,2,2,5.52,1,4.52,81.88405797101449,1,0,0,0,0,0,0,0,0,0.0,5,,1,,4,1,,2,,,0,0,0,0,0,0,0,0,0,0,0,0,0,0,0,1,,1,,0,0,0,0,0,0,1,,1,,0,0,0,0,0,0,1,,3,,,0,0,0,0,0,1,0,-,3.89,-,0,0,5000-7000,8.0,Odisha,5349.282296650717,,,Uttarakhand,28645.91439688716,,,Maharashtra ,176629.1208791209,2210.2272727272725,13413.793103448275,194500,32.25568181818182,195.75862068965517,2838.5,3.2036184990730883,7.892200824598889,30.052605393028585,2.5681818181818183,15.586206896551724,226,6.068965517241379,14.5,95,13,7.3076923076923075,4094.7368421052633,260,17,15.294117647058824,1496.1538461538462,29,0,4,27,0,0,0,10,14,0,1,6,15,5,23,12.0,14,5,0,3.0,5.0,9,1.0,0.0,2.0,10,0,0,0.0,0.0,0,0.0,0.0,0.0,0,28,0,0,14,14,14,14,28,5,5,5,0,5,5,5,0,0,0,0,0,0,0,48,12,9,1,0,47,57,,7,13,,1,0,1,56,1,0,0,1,13,0,0,0,0,0,0,0,0,0,57,,93,,,13,,42,,,57,,32,,25,9,,0,,9,13,,41,,,13,,0,,13,13,,21,,,,2,,0,,,,,,7,,0,,,,,0,0,0,0,0,0,0,0,0,0,0,0,0,0,0,0,0,0,0,0,0,0,0,0,0,0,0,0,0,0,0,0,0,0,0,13,,8,,5,0,0,0,0,0,13,,13,,0,0,0,0,0,0,13,,24,,,0,0,0,0,0
24,Tamil Nadu,2538,113890,13630,130058,87.56862322963602,32,15979,37229590,34917440,72147030,51.60238751338759,36348000,39465000,75813000,47.94428396185351,15.6,554.7211287098262,-2.3679820271993326,13.023749736521347,5.0812486667850365,319.15005707261395,2895.45121056493,582.9168524812007,15,15.1,15,6.4,7.1,5.7,17,20,14,7728,2183,706,249,985,0,716,214,385,15,278,31,416,24,644644.6882708082,7355,8713,,,1222,1422,,,305,385,,,6579,1833,301,10,2124,1374,0,48,34,14,385,0,0,0,0.0,278,0,0,0,31,0,0,0,8713,8713,8639,74,74,8713,3292,2288,1004,6425,1422,2422,1344,1078,78,1422,1422,803,619,619,1422,1489,697,792,725,1422,2844,1777,1067,,475,308,167,385,385,292,93,93,0,0,0,770,110,87,23,683,385,,112,,273,385,,25,,360,385,,27,,358,385,,15,,370,1540,,179,,1361,770,2880,2659,221,,385,246,92,154,293,1422,1422,989,433,433,385,1235,1054,181,,1422,1422,503,919,919,385,801,561,240,,1422,4045,3801,244,,2695,2794,2087,707,608,1255,964,1884,1522,3320,2628,5716,5141,8948,8038,6086,78.75258799171843,2945,38.10817805383023,2846,0,0,0,0,0,0,615,87.11048158640227,658,93.20113314447592,99,14.022662889518415,681,96.45892351274789,0,0,0,0,0,0,706,100,706,100,706,706,706,,385,385,342,385,37,385,372,200,80,39,385,385,350,385,385,582,0,378,149,31,24,582,100,582,100,582,100,571,98.10996563573883,1722,4335,1325,1349,385,385,789.3,463,326.29999999999995,41.34042822754339,351,60,52,1,111,15,0,0,0,0.0,2315,2248,2087,161,228,463,463,282,181,181,60,,14,,46,30,62,43,19,,15,0,0,0,15,463,463,315,148,148,15,0,0,0,15,463,249,147,102,316,15,0,0,0,15,463,1419,1275,144,,105,0,0,0,105,12,1,12,30.290000000000003,363.48,8,8,,,Meghalaya,5385.744234800839,30000-40000,5.0,Andhra Pradesh,30026.200873362446,,,West Bengal,180637.93103448275,4171.697463560197,25561.181434599155,94410.38961038961,13.071272810742569,80.0914205344585,295.8181818181818,2.0393727832038544,5.048131714448289,9.701750715316734,1.83392631699759,11.236990154711673,41.5038961038961,6.127285513361462,3.6935064935064936,2288,697,3.2826398852223817,15886.363636363636,9983,803,12.432129514321295,3640.9896824601824,777,21,309,1740,0,275,28,317,86,0,203,212,909,716,860,89.0,887,716,761,544.0,394.0,1321,121.0,522.0,213.0,1688,214,195,65.0,1.0,178,5.0,173.0,180.0,577,860,833,155,554,562,416,224,985,596,553,650,179,137,638,716,183,140,209,34,32,145,214,332,66,100,39,25,214,432,,32,105,,8,25,,370,61,1,11,51,105,0,6,2,4,25,0,0,0,0,432,432,407,25,25,105,120,112,8,,432,164,143,21,289,100,135,128,7,,105,148,118,30,,105,109,94,15,,105,190,126,64,,68,68,0,25,25,13,12,12,0,0,0,25,3,2,1,23,25,,1,,24,25,,3,,22,25,,4,,21,25,,1,,24,100,,9,,91,50,125,87,38,,25,8,4,4,21,105,105,95,10,10,25,25,20,5,5,105,105,76,29,29,25,50,36,14,,105,273,307,,,175,143,108,35,67
25,Telangana*,16156,94949,3735,114840,82.67938000696621,33,10761,21585313,13608665,35193978,61.332404651727636,20535000,16748000,37283000,55.07872220583108,13.58,306.46097178683385,Telangana State came in to being during 2014-15 ,,13.58,216.2739997261688,4484.0696117804555,324.6516893068617,17.5,17.8,17,6.1,7.1,4.6,31,35,24,4658,0,0,0,86,97,636,249,85,10,37,6,0,7,2796017.803633424,4479,4744,,,731,636,95,12.995896032831737,182,85,97,53.29670329670329,1273,3471,0,39,3432,636,0,0,0,0,85,0,0,0,0.0,37,0,0,0,6,0,0,0,4744,8996,7932,1064,,4744,2623,1363,1260,3381,636,0,0,0,636,636,1111,924,187,,636,0,0,0,636,636,1254,1213,41,,394,243,151,85,57,28,29,57,69,60,9,170,41,38,3,132,85,85,32,53,53,85,244,103,141,,85,79,30,49,55,85,217,93,124,,340,625,258,367,82,170,353,231,122,,85,99,44,55,41,636,525,376,149,260,85,150,66,84,19,636,638,592,46,44,85,135,55,80,30,636,1350,1186,164,,595,1197,911,286,,27730,27045,319,266,1421,681,702,615,1217,849,1707,36.64662945470159,1707,36.64662945470159,1363,0,0,0,0,0,0,0,,0,,0,,0,,0,,0,,0,,0,,0,,0,0,0,45,85,85,85,85,18,85,72,54,74,74,85,85,41,85,41,145,0,95,37,6,7,145,100,145,100,145,100,145,100,86,86,636,636,85,85,334.96,249,85.95999999999998,25.662765703367562,165,84,0,0,84,10,0,0,0,0.0,1245,1065,747,318,498,249,498,470,28,,40,113,52,61,,20,15,15,0,5,10,16,10,6,0,249,223,186,37,63,10,22,8,14,2,249,0,0,0,249,10,23,12,11,,249,442,385,57,,70,235,141,94,,5,1,5,41.07,205.35,1,3,,,Madhya Pradesh,5769.117934676316,,,Assam,30875.26427061311,,,Madhya Pradesh,190922.33009708737,4328.625632377741,32287.735849056604,241588.23529411765,20.01454468802698,149.29088050314465,1117.0470588235294,2.523541998643509,6.89214362854222,18.852693817359974,2.2683389544688026,16.919811320754718,126.6,7.459119496855346,7.482352941176471,1363,0,,15066.030814380045,7932,924,8.584415584415584,2588.880484114977,788,0,0,3295,0,0,0,0,0,0,0,0,0,636,269,0.0,183,636,0,924.0,0.0,1213,243.0,376.0,592.0,1186,249,650,0.0,0.0,470,0.0,186.0,195.0,385,183,183,183,183,183,183,183,183,636,636,636,636,636,636,636,249,249,249,249,249,249,249,698,0,0,93,23,932,698,234,139,93,46,34,23,11,182,516,0,0,516,93,0,0,0,0,23,0,0,0,0,698,1158,1158,0,,93,0,0,0,93,698,384,167,217,531,0,0,0,0,0,93,94,67,27,26,93,,,,,93,211,186,25,,125,120,5,23,34,20,14,3,,,,23,,,,,23,10,3,7,20,23,24,13,11,10,23,11,2,9,21,23,24,4,20,19,92,69,22,47,70,46,39,13,26,33,23,10,3,7,20,93,95,70,25,23,23,13,5,8,18,93,94,65,29,28,23,11,2,9,21,93,188,160,28,,161,102,23,79,138
26,Tripura,7132.56,10094.12,391.88,10486,96.26282662597751,8,875,2712464,961453,3673917,73.83030155553324,2595000,1407000,4002000,64.84257871064469,14.8,350.3640091550639,-4.330527520365248,46.34100678868337,8.930060205497293,257.0803596549278,3590.384811677044,381.65172611100513,13.7,14.6,11.3,5.5,5.2,6.1,24,21,32,932,34,82,0,40,0,26,5,18,4,12,7,1,1,1069169.4968117548,661,972,,,104,108,,,26,18,8,30.769230769230766,810,28,134,17,145,108,0,0,3,,18,0,0,1,,12,0,0,0,7,0,0,0,972,,584,,388,972,,630,,342,108,,80,,28,108,,0,,108,108,,6,,102,108,,216,,,,57,,18,,16,,2,,39,,36,,12,,24,18,,0,,18,18,,1,,17,18,,0,,18,18,,1,,17,72,,2,,70,36,,65,,,18,,11,,7,108,,134,,,18,,29,,,108,,97,,11,18,,23,,,108,,487,,,126,,149,,,,6938,84,172,64,154,276,435,231,451,313,33.58369098712446,21,2.2532188841201717,,359,38.51931330472103,313,33.58369098712446,40,4.291845493562231,70,85.3658536585366,70,85.36585365853658,71,86.58536585365854,12,14.634146341463415,0,0,0,0,0,0,70,85.3658536585366,82,100,82,82,,0,18,18,1,18,1,18,18,14,1,1,22,22,,22,22,12,0,1,4,6,1,12,100,12,100,12,100,12,100,551,487,108,108,22,22,28.14,5,23.14,82.2316986496091,5,0,0,0,0,4,0,0,0,0.0,25,,68,,,5,,5,,0,16,,0,,16,8,,8,,0,4,0,1,,3,5,,4,,1,4,,5,,,5,0,0,0,5,4,,2,,2,5,,9,,,28,0,22,,6,2,0,-,12.975,-,0,1,,,Maharashtra,6026.715410573678,,,Telangana,32287.735849056604,,,Karnataka,191075.75757575757,2669.753086419753,24027.777777777777,144166.66666666666,10.384897119341565,93.46407407407408,560.7844444444445,1.817769360249871,5.453308080749613,13.357822208032797,0.9002057613168725,8.101851851851851,48.611111111111114,9,6,630,6,105,4119.047619047619,664,0,,3908.132530120482,57,5,166,195,3,24,26,17,15,0,10,5,48,26,23,53.0,40,26,14,0.0,0.0,31,2.0,16.0,14.0,75,5,3,0.0,0.0,5,5.0,4.0,4.0,9,0,0,0,40,40,40,40,40,26,0,26,0,26,26,26,5,0,5,0,5,5,5,484,45,0,3,9,356,484,,53,48,5,13,9,4,424,8,52,0,60,48,0,0,0,0,9,0,0,0,0,484,,189,,295,48,,49,,,484,,253,,231,0,0,0,0,0,48,,4,,44,48,,4,,44,48,,133,,,,31,,9,,9,,0,,13,,9,,1,,8,9,0,0,0,9,9,,1,,8,9,0,0,0,9,9,,1,,8,36,,2,,34,18,,43,,,9,,10,,,48,,71,,,9,,14,,,48,,,,,9,,10,,,48,,302,,,63,,90,,
27,Uttarakhand,,52581,902,53483,98.31348278892358,13,16793,7036954,3049338,10086292,69.76750226941675,7362000,3822000,11184000,65.82618025751073,18.8,188.58874782641212,4.619129242567167,25.338680067608117,10.883166975534715,140.01255206253208,4237.250554323725,209.11317614943067,16.6,16.8,16,6.7,7,5.9,38,41,29,1804,0,243,0,43,0,14,0,67,0,18,18,0,3,277051.33186887397,1509,1847,,,250,257,,,62,67,,,1304,506,37,29,514,227,18,12,5,25,67,0,0,0,0.0,18,0,0,0,18,0,0,0,1847,2130,1690,440,157,1847,39,94,,1753,257,153,135,18,122,257,112,86,26,171,257,73,13,60,244,257,476,269,207,,71,65,6,67,17,20,,47,22,18,4,134,39,29,10,105,67,73,4,69,63,67,68,4,64,63,67,72,12,60,55,67,71,7,64,60,268,284,27,257,241,134,115,180,,,67,22,5,17,62,257,213,200,13,57,67,112,104,8,,257,66,15,51,242,67,70,48,22,19,257,79,61,18,196,469,313,268,45,201,11651,11573,380,257,305,231,753,592,624,487,1264,70.06651884700665,706,39.13525498891353,252,691,38.30376940133038,544,30.155210643015522,621,34.42350332594235,76,31.27572016460905,140,57.61316872427984,163,67.07818930041152,219,90.12345679012346,35,14.403292181069958,57,23.456790123456788,51,20.98765432098765,38,15.637860082304526,74,30.45267489711934,49,224,63,2,52,51,56,64,27,61,44,34,43,24,61,65,29,62,60,28,0,10,9,8,1,17,60.71428571428571,26,92.85714285714285,25,89.28571428571428,16,57.14285714285714,376,756,186,164,57,58,76.44,0,76.44,100,0,0,0,0,0,0,0,0,0,0.0,0,0,0,0,0,0,0,0,0,0,0,0,0,0,0,0,0,0,0,0,0,0,0,0,0,0,0,0,0,0,0,0,0,0,0,0,0,0,0,0,0,0,0,0,0,0,0,0,0,0,0,0,0,0,0,5,0,-,14.724,-,0,0,,,Punjab,6038.64406779661,,,Delhi,34400.0,,,Sikkim,194500.0,3985.9231185706553,28645.91439688716,109880.59701492537,28.468327016783974,204.5953307392996,784.7910447761194,3.009668428713519,8.068365034264426,15.80209611158198,9.092041147807254,65.34241245136187,250.6417910447761,7.186770428015564,3.8358208955223883,94,13,7.230769230769231,78319.14893617021,1825,86,21.22093023255814,4033.972602739726,122,0,287,1440,239,3,20,54,105,61,198,7,67,14,32,0.0,0,14,2,1.0,0.0,1,4.0,2.0,0.0,1,0,0,0.0,0.0,0,0.0,0.0,0.0,0,0,2,0,9,25,36,2,43,6,0,6,0,0,1,18,0,0,0,0,0,0,0,155,10,0,0,5,92,155,,13,10,3,3,5,,98,43,14,6,51,10,0,0,0,0,5,0,0,0,0,155,155,146,9,9,10,8,6,2,4,155,37,18,19,137,0,0,0,0,0,10,2,1,1,9,10,2,1,1,9,10,17,10,7,0,5,5,0,5,6,6,0,,0,0,0,5,1,1,0,4,5,5,1,4,4,5,6,2,4,3,5,5,2,3,3,5,5,2,3,3,20,21,7,14,13,10,10,9,1,1,5,5,4,1,1,10,11,11,0,,5,13,10,3,,10,2,1,1,9,5,7,4,3,1,10,8,6,2,4,35,18,15,3,20
28,Uttar Pradesh,,233365.71,7562.29,240928,96.86118259396997,75,106704,155317278,44495063,199812341,77.7315741473646,172867000,53100000,225967000,76.5009935079016,20.2,829.3446216296985,11.299272190438465,19.33908263035834,13.089611416944463,740.7557862721135,7021.682585566013,937.9026099083544,26.2,27.3,22.8,6.9,7.3,5.5,43,46,34,20056,0,1990,237,726,0,946,387,679,12,0,157,0,18,1147580.0837302853,34726,20782,13944,40.15435120658872,5781,2936,2845,49.21293893790001,1445,679,766,53.010380622837374,20782,0,0,0,0,2936,0,0,0,0,679,0,0,0,0.0,0,,,,157,0,0,0,20782,24803,24286,517,,20782,9080,6529,2551,14253,2936,3754,4796,,,2936,3781,1916,1865,1020,2936,5757,1038,4719,1898,2936,4509,3180,1329,,4483,4209,274,679,597,597,0,82,,,,1358,462,434,28,924,679,529,112,417,567,679,524,115,409,564,679,523,103,420,576,679,523,154,369,525,2716,2099,484,1615,2232,1358,778,778,0,580,679,230,82,148,597,2936,2003,1961,42,975,679,949,922,27,,2936,693,388,305,2548,679,639,575,64,104,2936,557,1087,,1849,4753,2211,17417,,,160175,155942,2671,1059,,,7104,5704,,,18166,90.57638611886718,6833,34.06960510570403,0,0,0,7377,36.78201037096131,7231,36.054048663741526,439,22.06030150753769,1696,85.22613065326632,1416,71.15577889447236,1696,85.22613065326634,213,10.703517587939698,270,13.5678391959799,459,23.06532663316583,820,41.20603015075377,1696,85.22613065326634,379,460,170,85,679,623,633,628,358,574,557,358,594,332,597,466,134,654,594,165,13,69,9,74,0,132,80,165,100,165,100,109,66.06060606060606,,,,,,,1062,624,438,41.24293785310735,66,558,0,0,558,0,12,0,0,12.0,3120,,857,,2263,624,,,,,48,,,,,24,,,,,12,,,,,624,,,,,12,,,,,624,,,,,12,,,,,624,,,,,84,,,,,40,4,10,43.216750000000005,432.1675,11,11,,,West Bengal,6069.518200251038,,,Maharashtra ,35171.22538293216,2 - 5 lakhs,5.0,Punjab,200157.3033707865,8318.111827543065,58878.40599455041,254590.57437407953,11.229222885189106,79.48423365122615,343.69029455081,1.8902207686877086,5.0289599302376224,10.457342052912937,5.134443268212877,36.3433242506812,157.14874815905745,7.0783378746594,4.3240058910162,6529,1038,6.289980732177264,26476.79583397151,29082,1916,15.178496868475992,5944.123512825803,705,0,0,19374,0,26,88,735,1141,0,1252,0,319,946,1364,51.0,1147,946,1330,,84.0,971,,,,501,387,857,,22.0,431,,,,677,,,,,,,,,,,,,,,,,,,,,,,,,,,,382,,,57,,,14,,,,,,,,,,,,,,,,,,,,,,,,,,,,,,,,,,,,,,,,,,,,,,,,,,,,,,,,,,,,,,,,,,,,,,,,,,,,,,,,,,,,,,,,,,,,,,,,,,,,,,,,,,,,,,,,,,,,,,,,,,,,,,,,,,,,,
29,West Bengal,32911.31,83626.43,5125.57,88752,94.22484000360555,23,40203,62183113,29093002,91276115,68.12638005024644,62862000,34247000,97109000,64.73344386205191,13.8,1028.440091490896,1.0917546054665999,17.71559359876303,6.390373867248841,751.7001502993731,6681.5983393066535,1094.1612583378403,15.4,16.9,11.8,5.8,5.7,6.1,25,25,22,10195,0,640,448,162,0,268,0,348,39,101,24,45,13,4908120.9416132,13226,10357,2869,21.692121578708605,2177,908,1269,58.29122645842903,544,348,196,36.02941176470588,7819,1887,651,419,2119,894,14,0,0,14,348,0,0,0,0.0,101,0,0,0,24,0,0,0,10357,19238,18732,506,,10357,9171,2032,7139,8325,908,386,265,121,643,908,465,271,194,637,908,316,113,203,795,908,1326,810,516,98,122,105,17,348,427,186,241,162,0,0,0,696,252,161,91,535,348,0,0,0,348,348,287,51,236,297,348,0,0,0,348,348,287,20,267,328,1392,574,71,503,1321,696,1330,1099,231,,348,280,182,98,166,908,917,866,51,42,348,626,545,81,,908,390,201,189,707,348,535,584,,,908,2258,1686,572,,2436,4804,4125,679,,60664,51864,1835,1275,5300,2039,8071,6294,13107,7904,4819,47.268268759195685,375,3.6782736635605686,0,567,5.56154977930358,2163,21.21628249141736,772,7.572339382050024,234,36.5625,462,72.1875,105,16.40625,640,100,37,5.78125,21,3.28125,43,6.71875,117,18.28125,79,12.34375,297,640,0,9,334,315,329,338,313,321,292,126,102,51,326,348,0,340,307,141,0,48,57,23,13,139,98.58156028368795,141,100,141,100,128,90.78014184397163,2588,5240,955,1151,267,348,684.94,448,236.94000000000005,34.592811049142995,381,67,0,73,,39,0,0,0,0.0,2240,110,86,24,2154,448,893,647,246,,156,96,208,,,78,44,83,,,39,6,22,,17,448,444,367,77,81,39,7,18,,21,448,430,305,125,143,39,23,49,,,448,918,153,765,295,273,130,230,,43,5,0,-,125.724,-,3,4,,,Assam,6290.7602842989445,40000-50000,3.0,Punjab,42822.11538461538,,,Puducherry,229500.0,6069.518200251038,69231.27753303965,180637.93103448275,8.074387370860286,92.09959251101321,240.3058333333333,1.6028484814119632,5.413355318003682,8.744195044124814,3.881722506517331,44.27643171806167,115.52586206896552,11.406387665198238,2.6091954022988504,2032,113,17.98230088495575,30936.023622047243,18997,271,70.09963099630997,3309.048797178502,312,0,38,8325,84,1,10,162,381,86,439,78,80,268,262,26.0,162,268,135,4.0,2.0,313,25.0,255.0,92.0,560,0,0,0.0,0.0,0,0.0,0.0,0.0,0,27,30,31,52,79,101,49,162,51,3,15,41,41,60,210,0,0,0,0,0,0,0,3206,300,0,0,104,1636,3206,,245,300,,61,104,,2404,578,224,0,802,300,0,0,0,0,104,0,0,0,0,3206,5297,5396,,,300,121,70,51,230,3206,2194,418,1776,2788,0,0,0,0,0,300,126,124,2,176,300,126,124,2,176,300,410,352,58,,68,42,26,104,73,57,16,47,0,0,0,104,,,,,104,22,1,21,103,104,53,18,35,86,104,39,23,16,81,104,49,5,44,99,416,163,47,116,369,208,465,347,118,,104,37,34,3,70,300,276,272,4,28,104,174,160,14,,300,127,75,52,225,104,178,178,0,,300,717,605,112,,728,1382,1374,8,
30,A& N Islands,1841,643.28,16.64,8249,7.798278579221724,3,555,237093,143488,380581,62.297644916588055,230000,168000,398000,57.78894472361809,6.9,46.136622620923745,-2.991653064409325,17.082961641391613,4.576949453598577,357.54259420470095,10096.153846153846,48.248272517880956,11.7,12.5,1.6,5.2,5.7,4.6,16,12,22,96,0,22,0,28,0,0,2,4,0,0,3,0,1,25915.77988384305,49,124,,,8,22,,,2,4,,,124,0,0,0,0,22,0,0,0,0,4,0,0,0,0.0,0,0,0,0,3,0,0,0,124,255,241,14,,124,45,45,0,79,22,95,95,0,,22,20,20,0,2,22,11,11,0,11,22,42,34,8,,21,19,2,4,3,0,3,4,0,0,0,8,1,1,0,7,4,3,0,3,4,4,3,0,3,4,4,3,0,3,4,4,0,0,0,4,16,9,0,9,16,8,13,0,13,8,4,0,0,0,4,22,30,28,2,,4,23,21,2,,22,16,12,4,10,4,7,7,0,,22,103,103,0,,28,96,90,6,,422,422,76,50,,,66,62,,,94,97.91666666666667,59,61.458333333333336,96,1,1.0416666666666667,0,0,18,18.75,20,90.9090909090909,22,100,20,90.9090909090909,22,100,0,0,0,0,0,0,22,100,21,95.45454545454545,22,22,22,0,3,4,4,4,4,4,4,4,3,0,4,4,4,4,4,1,0,0,0,1,0,1,100,1,100,1,100,1,100,8,108,22,22,4,4,3.36,2,1.3599999999999999,40.476190476190474,2,0,0,0,0,0,0,0,0,0.0,10,0,0,0,10,2,0,0,0,2,0,0,0,0,0,0,0,0,0,0,0,0,0,0,0,2,0,0,0,2,0,0,0,0,0,2,0,0,0,2,0,0,0,0,0,2,0,0,0,2,0,0,0,0,0,1,0,-,2.3,-,0,0,,,Haryana,6645.1612903225805,,,Haryana,45656.99208443272,,,Telangana,241588.23529411765,1854.8387096774193,10454.545454545454,57500,5.187741935483871,29.24,160.82,1.2847743620147167,3.050186283431942,7.153320907103217,4.475806451612903,25.227272727272727,138.75,5.636363636363637,5.5,45,11,4.090909090909091,5111.111111111111,336,20,16.8,684.5238095238095,20,0,0,74,0,0,2,11,9,0,1,0,13,0,0,0.0,30,0,0,0.0,0.0,0,0.0,0.0,0.0,0,2,0,0.0,0.0,0,0.0,0.0,0.0,0,2,2,0,5,6,27,7,24,0,0,0,0,0,0,0,0,0,0,0,0,0,0,33,4,8,0,1,8,41,,1,4,,0,1,,41,0,0,0,0,4,0,0,0,0,1,0,0,0,0,41,57,56,1,,4,30,14,16,,41,14,14,0,27,8,8,8,0,0,4,7,7,0,,4,7,7,0,,4,9,5,4,,4,4,0,1,1,1,0,0,0,0,0,1,0,0,0,1,1,1,0,1,1,1,1,0,1,1,1,0,0,0,1,1,0,0,0,1,4,2,0,2,4,2,4,4,0,,1,1,1,0,0,4,3,2,1,2,1,6,4,2,,4,2,2,0,2,1,2,2,0,,4,9,9,0,,7,24,24,0,
31,Chandigarh,,0,114,114,0,1,5,28991,1026459,1055450,2.7467904685205364,6000,1178000,1184000,0.5067567567567568,17.2,9258.333333333334,-79.30392190679866,14.763473260987531,12.179639016533232,,10333.333333333334,10385.964912280702,13.9,19.2,13.8,4.5,1.6,4.6,14,6,14,0,4,0,36,0,0,0,10,0,2,1,1,0,1,0,1,,,,,,,,,,,,0,0,0,0,0,0,0,0,0,0,0,0,0,0,0.0,1,0,0,0,1,0,0,0,0,0,0,0,0,0,0,0,0,0,0,0,0,0,0,0,0,0,0,0,0,0,0,0,0,0,0,0,0,0,0,0,0,0,0,0,0,0,0,0,0,0,0,0,0,0,0,0,0,0,0,0,0,0,0,0,0,0,0,0,0,0,0,0,0,0,0,0,0,0,0,0,0,0,0,0,0,0,0,0,0,0,0,0,0,0,0,0,0,0,0,0,0,0,0,0,0,0,0,0,0,0,0,0,0,0,0,0,0,0,0,,,,1102,,31,,2267,,100,,,,,,,,,,,,,,,,,,,,,,,,,,,,,,,,,,,,,,,,,,,,,,,,,5,0,2,1,1,1,5,100,5,100,5,100,5,100,,,,,,,23.56,46,,,42,0,4,0,4,2,0,0,0,0.0,230,,115,,115,46,,46,,0,8,,14,,,4,,18,,,2,,4,,,46,,57,,,2,0,12,,,46,,14,,32,2,,21,,,46,,12,,34,14,,83,,,1,0,-,0.06,-,0,0,7000 and Above ,5.0,Jharkhand,7271.829521829522,,,Madhya Pradesh,49203.50291909925,,,Andhra Pradesh,245571.42857142858,-,-,-,-,-,-,-,-,-,-,-,-,-,-,0,0,,-,0,,,,0,13,0,0,0,0,0,0,0,0,0,0,0,0,0,1.0,0,0,0,0.0,0.0,0,0.0,0.0,0.0,0,10,31,5.0,1.0,10,3.0,14.0,4.0,0,0,0,0,0,0,0,0,0,,,,,,,,0,10,10,0,0,10,10,,,,,,,,,,,,,,,,,,,,,,,,,,,,,,,,,,,,,,,,,,,,,,,,,,,,,,,,,,,,,,,,,,,,,,,,,,,,,,,,,,,,,,,,,,,,,,,,,,,,,,,,,,,,,,,,,,,,,,,,,,,,,,,,,,,,,,,,,,,,,,,,,
32,D & N Haveli,306,315,176,491,64.15478615071282,1,65,183114,160595,343709,53.275881632427435,197000,359000,556000,35.431654676258994,55.9,700.0183299389003,7.583254147689418,123.54369687723776,61.764748668204795,625.3968253968254,2039.7727272727273,1132.3828920570265,24.5,20.4,27.7,4,5,3.2,17,24,12,47,0,6,2,24,0,3,0,2,0,1,1,4,0,162390.4671406883,61,71,,,9,9,0,0,2,2,0,0,63,4,4,14,,9,0,0,0,0,2,0,0,0,0.0,1,0,0,0,1,0,0,0,71,36,133,,,71,9,70,,1,9,0,4,,5,9,0,0,0,9,9,0,0,0,9,9,12,12,0,,9,11,,2,4,4,0,,0,0,0,4,2,2,0,2,2,0,0,0,2,2,0,0,0,2,2,0,0,0,2,2,0,0,0,2,8,0,0,0,8,4,4,4,0,0,2,2,2,0,0,9,12,10,2,,2,4,4,0,,9,13,13,0,,2,4,4,0,,9,34,34,0,,14,17,17,0,,442,332,191,88,62,17,279,320,28,73,18,38.297872340425535,19,40.42553191489362,23,12,25.531914893617024,0,0,2,4.25531914893617,5,83.33333333333334,5,83.33333333333334,5,83.33333333333334,0,0,0,0,0,0,0,0,4,66.66666666666667,6,100,6,3,5,0,2,2,2,2,0,2,2,2,0,0,2,2,2,2,2,2,0,0,1,1,0,2,100,2,100,2,100,2,100,47,47,8,8,2,2,7.18,2,5.18,72.14484679665738,2,0,0,0,0,0,0,0,0,0.0,10,16,16,0,,2,2,2,0,0,0,0,0,0,0,0,0,0,0,0,0,0,0,0,0,2,2,2,0,0,0,0,0,0,0,2,2,2,0,0,0,0,0,0,0,2,6,6,0,,0,0,0,0,0,0,0,-,-,-,0,0,,,Uttar Pradesh,8318.111827543065,Above 50000,4.0,Bihar,55669.82622432859,,,Uttar Pradesh,254590.57437407953,2774.6478873239435,21888.88888888889,98500,4.436619718309859,35,157.5,1.1881295083252232,3.337119062359573,7.079098555864042,0.9154929577464789,7.222222222222222,32.5,7.888888888888889,4.5,70,0,,2814.285714285714,137,0,,1437.956204379562,8,0,0,13,0,0,0,6,0,0,0,0,3,3,27,13.0,24,3,0,0.0,0.0,3,3.0,2.0,3.0,7,0,0,0.0,0.0,0,0.0,0.0,0.0,0,24,22,0,24,24,24,22,24,3,3,3,1,3,3,3,0,0,0,0,0,0,0,34,4,24,3,0,54,58,,8,7,1,2,0,2,49,4,5,0,9,7,0,0,0,0,0,0,0,0,0,58,39,94,,,7,0,0,0,7,58,9,58,,0,24,24,24,0,0,7,0,0,0,7,7,0,0,0,7,7,3,17,,,2,16,,0,0,0,0,0,0,0,0,0,0,0,0,0,0,0,0,0,0,0,0,0,0,0,0,0,0,0,0,0,0,0,0,0,0,0,0,0,0,0,0,0,0,0,0,0,0,0,0,7,6,16,,,0,0,0,0,0,7,6,28,,,0,0,0,0,0,7,11,69,,,0,0,0,0,0
33,Daman & Diu,,62.48,48.52,111,56.28828828828829,2,19,60396,182851,243247,24.829083195270652,34000,389000,423000,8.037825059101655,53.8,2191.4144144144143,-43.70488111795483,112.74152178549748,73.89731425259099,544.1741357234315,8017.312448474855,3810.810810810811,24,16.7,25.8,4.6,6.1,4.2,19,18,19,4,2,0,0,19,1,4,0,0,2,0,2,1,0,4287.99920524538,7,23,,,1,4,,,0,0,,,19,4,0,0,4,3,0,1,0,1,0,0,0,0,0.0,0,0,0,0,2,0,0,0,23,52,52,0,,23,19,19,0,4,4,3,0,3,4,4,0,0,0,4,4,1,1,0,3,4,8,3,5,1,3,3,0,0,0,0,0,0,0,0,0,0,0,0,0,0,0,0,0,0,0,0,0,0,0,0,0,0,0,0,0,0,0,0,0,0,0,0,0,0,0,0,0,0,0,0,0,0,0,0,0,4,6,4,2,0,0,0,0,0,0,4,6,4,2,0,0,0,0,0,0,4,18,11,7,,0,0,0,0,0,136,98,72,47,0,0,185,118,0,0,0,0,0,0,4,0,0,0,0,0,0,0,,0,,0,,0,,0,,0,,0,,0,,0,,0,0,0,0,0,0,0,0,0,0,0,0,0,0,0,0,0,0,0,4,0,2,0,2,0,2,50,4,100,4,100,2,50,23,23,4,4,0,0,7.78,0,7.78,99.99999999999999,0,0,0,0,0,2,0,0,0,0.0,0,0,0,0,0,0,0,0,0,0,8,7,5,2,3,4,7,7,0,,2,5,3,2,,0,0,0,0,0,2,4,4,0,,0,0,0,0,0,2,4,4,0,,0,0,0,0,0,14,25,24,1,,0,0,-,-,-,0,0,,,Puducherry,8500.0,,,Uttar Pradesh,58878.40599455041,5 lakhs and above,1.0,Bihar,704780.0,1478.2608695652175,8500,-,2.716521739130435,15.62,-,0.9297030849077336,2.2293496809607953,-,0.8260869565217391,4.75,-,5.75,-,19,1,19,1789.4736842105262,52,0,,653.8461538461538,4,0,0,1,0,0,0,0,0,0,0,0,0,4,26,13.0,19,4,0,0.0,1.0,3,3.0,4.0,4.0,11,0,0,0.0,0.0,0,0.0,0.0,0.0,0,,20,1,20,20,20,20,20,4,4,4,4,4,4,4,0,0,0,0,0,0,0,0,0,5,0,0,1,5,,0,0,0,0,0,0,5,0,0,0,0,0,0,0,0,0,0,0,0,0,0,5,9,9,0,,0,0,0,0,0,5,5,3,2,,5,,,,,0,0,0,0,0,0,0,0,0,0,0,0,0,0,0,0,0,0,0,0,0,0,0,0,0,0,0,0,0,0,0,0,0,0,0,0,0,0,0,0,0,0,0,0,0,0,0,0,0,0,0,0,0,0,0,0,0,0,0,0,0,0,0,0,0,0,0,0,0,0,0,0,0,0,0,0,0,0,0,0,0,0,0,0,0,0,0,0,0,0,0,0,0,0,0,0
34,Delhi,,369.35,1113.65,1483,24.9055967633176,11,112,419042,16368899,16787941,2.496089306008402,172000,19768000,19940000,0.8625877632898695,21.2,11320.256911665543,-58.95399506493383,20.765605554777995,18.775733128916762,465.68295654528225,17750.639788084227,13445.71813890762,15.5,17,15.5,4,4.5,4,18,24,17,12,192,5,535,0,0,0,0,0,0,9,47,1,11,0,34,12,22,64.70588235294117,5,5,0,0,1,0,1,100,1,11,0,0,11,5,0,0,0,0,0,0,0,0,0.0,9,0,0,0,47,0,0,0,12,1,14,,,12,0,0,0,12,5,11,10,1,,5,5,4,1,1,5,0,0,0,5,5,7,5,2,0,0,0,0,0,0,0,0,0,0,0,0,0,0,0,0,0,0,0,0,0,0,0,0,0,0,0,0,0,0,0,0,0,0,0,0,0,0,0,0,0,0,0,0,0,0,0,0,0,0,0,0,5,5,4,1,1,0,0,0,0,0,5,2,2,0,3,0,0,0,0,0,5,0,0,0,5,0,0,0,0,0,1174,3585,3121,2254,120,110,16002,13093,492,573,0,0,0,0,10,0,0,0,0,0,0,1,20,1,20,1,20,1,20,0,0,0,0,0,0,1,20,0,0,1,0,1,0,0,0,0,0,0,0,0,0,0,0,0,0,0,0,0,23,0,0,3,16,4,23,100,22,95.65217391304347,23,100,19,82.6086956521739,11,11,1,1,0,0,395.36,535,,,343,175,17,1,191,0,0,0,0,0.0,2675,1081,1645,,1030,535,649,711,,,0,20,28,,,0,35,56,,,0,4,5,,,535,498,556,,,0,0,0,0,0,535,166,240,,295,0,12,21,,,535,43,51,,484,0,153,205,,,2,1,2,0.86,1.72,1,0,,,Bihar,10625.892049452206,,,West Bengal,69231.27753303965,All India,33.0,All India,165702.0,14333.333333333334,34400,-,30.77916666666667,73.87,-,3.1294362450961057,4.848101784110035,-,9.333333333333334,22.4,-,2.4,-,0,0,,-,24,4,6,7166.666666666667,0,54,0,11,0,2,0,3,0,0,1,0,3,0,0,0.0,0,0,0,0.0,0.0,0,0.0,0.0,0.0,0,0,0,0.0,0.0,0,0.0,0.0,0.0,0,0,0,0,0,0,0,0,0,0,0,0,0,0,0,0,0,0,0,0,0,0,0,,,,,,,,,,,,,,,,,,,,,,,,,,,,,,,,,,,,,,,,,,,,,,,,,,,,,,,,,,,,,,,,,,,,,,,,,,,,,,,,,,,,,,,,,,,,,,,,,,,,,,,,,,,,,,,,,,,,,,,,,,,,,,,,,,,,,,,,,,,,,,,,,
35,Lakshadweep,0,8.05,21.95,30,26.833333333333336,1,21,14141,50332,64473,21.933212352457616,4000,64000,68000,5.88235294117647,6.3,2149.1,-71.71345732267874,27.155686243344196,5.470507033952197,496.89440993788816,2915.717539863326,2266.6666666666665,18.9,24,17.6,6,7.9,5.5,19,16,20,14,0,4,0,0,0,0,0,3,0,2,1,0,0,3808.217240647762,1,14,,,0,4,,,0,3,,,8,6,0,0,6,4,0,0,0,0,3,0,0,0,0.0,2,0,0,0,1,0,0,0,14,24,24,0,,14,14,14,0,0,4,23,23,0,,4,1,1,0,3,4,0,0,0,4,4,8,8,0,,4,4,0,3,3,3,0,0,1,1,0,6,1,1,0,5,3,0,0,0,3,3,0,0,0,3,3,0,0,0,3,3,0,0,0,3,12,0,0,0,12,6,14,14,0,,3,5,5,0,,4,7,7,0,,3,9,9,0,,4,7,7,0,,3,6,6,0,,4,11,11,0,,21,43,43,0,,110,110,38,37,17,10,38,37,18,18,0,0,0,0,14,0,0,0,0,0,0,4,100,4,100,4,100,4,100,0,0,0,0,0,0,4,100,4,100,4,4,4,0,0,3,3,3,3,3,3,3,0,0,3,3,3,3,3,3,0,1,1,1,0,2,66.66666666666667,2,66.66666666666667,2,66.66666666666667,2,66.66666666666667,8,8,4,4,3,3,1.28,0,1.28,100,0,0,0,0,0,0,0,0,0,0.0,0,0,0,0,0,0,0,0,0,0,0,0,0,0,0,0,0,0,0,0,0,0,0,0,0,0,0,0,0,0,0,0,0,0,0,0,0,0,0,0,0,0,0,0,0,0,0,0,0,0,0,0,0,0,0,0,0,-,-,-,0,0,,,Delhi,14333.333333333334,,,Jharkhand,93899.3288590604,,,,,285.7142857142857,1000,1333.3333333333333,0.5750000000000001,2.0125,2.6833333333333336,0.4277318616312625,0.8002130398155913,0.9240064278931608,1.5,5.25,7,3.5,1.3333333333333333,14,0,,285.7142857142857,47,1,47,85.1063829787234,4,0,0,0,0,2,0,1,1,0,0,0,3,0,0,0.0,0,0,0,0.0,0.0,0,0.0,0.0,0.0,0,0,0,0.0,0.0,0,0.0,0.0,0.0,0,0,0,0,0,0,0,0,0,0,0,0,0,0,0,0,0,0,0,0,0,0,0,14,4,0,0,3,1,14,,0,4,,0,3,,8,6,0,0,6,4,0,0,0,0,3,0,0,0,0,14,24,24,0,,4,23,23,0,,14,14,14,0,0,0,0,0,0,0,4,0,0,0,4,4,0,0,0,4,4,8,8,0,,4,4,0,3,3,3,0,0,1,1,0,3,1,1,0,2,3,0,0,0,3,3,0,0,0,3,3,0,0,0,3,3,0,0,0,3,12,0,0,0,12,6,14,14,0,,3,5,5,0,,4,7,7,0,,3,9,9,0,,4,7,7,0,,3,6,6,0,,4,11,11,0,,21,43,43,0,
36,Puducherry,0,216.74,77.26,294,73.72108843537416,4,90,395200,852753,1247953,31.667859286367356,459000,1056000,1515000,30.297029702970296,28.1,2546.842857142857,16.143724696356276,23.834216942068807,21.39880267926757,2117.744763310879,13668.133574941754,5153.061224489796,13.9,13.6,14,7.2,7.8,6.9,10,16,8,53,27,9,2,1,0,15,13,2,2,6,5,4,2,0,91,54,37,40.65934065934066,15,24,,,3,2,1,33.333333333333336,44,9,1,0,10,24,0,0,0,0,2,0,0,0,0.0,6,0,0,0,5,0,0,0,54,,41,,13,54,0,0,0,54,24,,87,,,24,10,7,3,17,24,36,31,5,,24,24,41,,,,31,,2,,26,,,0,0,0,4,,10,,,2,0,0,0,2,2,0,1,,1,2,0,0,0,2,2,0,0,0,2,8,0,1,,7,4,,9,,,2,0,3,,,24,29,36,,,2,,10,,,24,7,20,,4,2,,6,,,24,72,127,,,14,,55,,,341,194,317,357,,,1769,1546,,,31,58.490566037735846,6,11.320754716981131,53,31,58.490566037735846,0,0,0,0,7,77.77777777777779,9,100,9,100,6,66.66666666666667,0,0,0,0,0,0,9,100,9,100,9,9,9,0,2,2,2,2,2,2,2,2,2,0,2,2,2,2,2,7,0,0,0,5,2,4,57.14285714285714,4,57.14285714285714,4,57.14285714285714,4,57.14285714285714,54,54,24,24,2,2,21.12,15,6.120000000000001,28.977272727272734,15,0,0,0,0,2,0,0,0,0.0,75,4,227,,,15,5,32,,,8,0,2,,6,4,3,3,0,1,2,1,1,0,1,15,1,32,,,2,3,3,0,,15,0,6,,9,2,1,1,0,1,15,0,68,,,14,16,19,,,1,0,-,4.59,-,1,1,All India,35.0,All India,5616.0,All India,35.0,All India,35567.12935023134,,,,,8500,19125,229500,4.013703703703704,9.030833333333334,108.37,1.1300829801778018,1.6951244702667028,5.872083415310416,1.6666666666666667,3.75,45,2.25,12,0,31,0,-,128,7,18.285714285714285,3585.9375,24,15,0,54,0,2,2,2,3,0,0,0,19,15,2,0.0,1,15,65,4.0,24.0,28,21.0,23.0,14.0,65,13,68,14.0,30.0,24,21.0,23.0,7.0,61,0,0,0,1,1,1,1,1,0,0,0,0,15,0,15,0,0,0,0,13,0,13,,,,,,,,,,,,,,,,,,,,,,,,,,,,,,,,,,,,,,,,,,,,,,,,,,,,,,,,,,,,,,,,,,,,,,,,,,,,,,,,,,,,,,,,,,,,,,,,,,,,,,,,,,,,,,,,,,,,,,,,,,,,,,,,,,,,,,,,,,,,,,,,,
,All India,490394.51,2987397.96,96120.95999999999,3256679.26,91.7314147786233,716,640867,833748852,377106125,1210854977,68.85621051545631,884021000,453576000,1337597000,66.09023495118484,,,6.029651240827135,20.278078220023605,10.467151344087014,295.9167181060805,4718.804306573717,410.7242049989289,20.4,22.1,17,6.4,6.9,5.4,34,38,23,149590,3204,16613,3456,7821,98,8242,1734,5335,350,1234,756,1415,240,97338440.51803863,189765,157411,43736,23.04745342924143,31074,24855,8764,28.203642916908024,7756,5335,2865,36.93914388860237,118600,26770,12041,6968,33886,23497,699,659,997,885,5299,5,31,354,5.0,1234,0,1,33,754,0,2,9,157411,183936,205228,13909,4424,157411,82857,59348,29421,98063,24855,25697,28992,5478,6492,24855,20712,13786,7442,11906,24855,23679,13446,10839,14865,24855,32824,29799,7715,1484,10593,13347,1807,5335,3714,3197,1089,2154,1037,1152,220,10670,2307,1920,509,8456,5335,3201,768,2572,4567,5335,3334,1351,2135,4002,5335,2825,683,2190,4652,5335,3237,1079,2255,4264,21340,12597,3881,9147,17459,10670,16448,15395,3747,1078,5335,3813,2419,1548,3148,24855,19951,18975,3318,7220,5335,7916,7229,1273,361,24855,14007,12462,3929,12638,5335,6730,6253,1160,605,24855,29476,30071,6126,5800,37345,39325,50905,7336,3978,895718,929893,28545,24676,22891,13750,90969,85194,52526,36909,88502,59.163045658132226,49576,33.141252757537266,5076,28309,18.924393341800922,39286,26.262450698576107,17151,11.465338592151882,6733,40.528501775717814,11979,72.10618190573646,6064,36.5015349425149,12760,76.80731956901222,795,4.785409017034852,1358,8.174321314633119,1355,8.156263167399025,9476,57.0396677300909,12704,76.47023415397581,9373,14299,1372,378,4702,5133,4453,5052,2344,4639,4210,2923,2983,2010,4891,4852,1165,5051,3364,3204,90,1578,792,632,112,2874,89.70037453183521,3067,95.72409488139826,3099,96.72284644194757,2412,75.28089887640449,43094,70100,16220,15089,4105,3957,9071.520000000004,5190,4025.980000000001,44.380434590895455,3657,1385,139,410,1351,335,14,1,4,14.0,25950,17093,16820,2891,11498,5190,4987,4457,954,867,1400,1360,1017,502,641,700,845,713,243,172,350,242,192,73,168,5190,3971,3549,849,1260,350,476,468,62,56,5190,2454,1933,731,2642,350,371,447,64,47,5190,6755,5938,1464,1154,2450,5049,4618,887,523,357,29,12.310344827586206,24.48238095238095,301.3865517241379,63,67,,,,,,,,,,,,,5616.005234704055,35567.12935023134,165702.15557638239,18.978330358107122,120.19303802051901,559.962129334583,2.4573480948774273,6.184111849745697,13.348024888523398,4.071297431564503,25.784228525447595,120.12502343017808,6.333172399919533,4.658856607310216,59348,13446,4.4138033615945265,14895.548291433579,234220,13786,16.989699695343102,3774.3190163094528,12554,333,13773,81007,5757,984,893,4675,8463,1598,6378,3971,5156,8242,10527,4092.0,7028,8242,8189,4532.0,1781.0,10137,2748.0,5411.0,3893.0,10195,1734,3551,131.0,77.0,1844,49.0,1025.0,1028.0,2995,4387,4385,1433,5501,3612,3496,3486,7269,5298,4667,6298,2439,4425,4763,6508,986,666,1223,682,866,959,1129,26964,2889,1718,1322,1022,32433,28682,7054,4853,4211,1204,1202,1022,326,,,,,,,,,,,,,,,,,,,,,,,,,,,,,,,,,,,,,,,,,,,,,,,,,,,,,,,,,,,,,,,,,,,,,,,,,,,,,,,,,,,,,,,,,,,,,,,,,,,,,,,,,,,,,,,,,,,,,,,,,,,,,,,,,,,
